"Title","First Name","Middle Name","Last Name","Suffix","Company","Department","Job Title","Business Street","Business Street 2","Business Street 3","Business City","Business State","Business Postal Code","Business Country/Region","Home Street","Home Street 2","Home Street 3","Home City","Home State","Home Postal Code","Home Country/Region","Other Street","Other Street 2","Other Street 3","Other City","Other State","Other Postal Code","Other Country/Region","Assistant's Phone","Business Fax","Business Phone","Business Phone 2","Callback","Car Phone","Company Main Phone","Home Fax","Home Phone","Home Phone 2","ISDN","Mobile Phone","Other Fax","Other Phone","Pager","Primary Phone","Radio Phone","TTY/TDD Phone","Telex","Account","Anniversary","Assistant's Name","Billing Information","Birthday","Business Address PO Box","Categories","Children","Directory Server","E-mail Address","E-mail Type","E-mail Display Name","E-mail 2 Address","E-mail 2 Type","E-mail 2 Display Name","E-mail 3 Address","E-mail 3 Type","E-mail 3 Display Name","Gender","Government ID Number","Hobby","Home Address PO Box","Initials","Internet Free Busy","Keywords","Language","Location","Manager's Name","Mileage","Notes","Office Location","Organizational ID Number","Other Address PO Box","Priority","Private","Profession","Referred By","Sensitivity","Spouse","User 1","User 2","User 3","User 4","Web Page"
,"Sharon",,"Mc Gee",,"The Elevance Health Companies, Inc.","Provider Success","Care Consultant Sr (US)",,,,,,,,,,,,,,,,,,,,,,,,"+1 (213) 2472400",,,"",,,,,,"+1 (213) 2472400",,"","",,,,,,"0/0/00","",,"0/0/00",,,,,"/o=ExchangeLabs/ou=Exchange Administrative Group (FYDIBOHF23SPDLT)/cn=Recipients/cn=a54f9678da2d4324b4a3885fe1c3320e-AG71094","EX","Mc Gee, Sharon",,,,,,,"Unspecified",,,,"",,,,,"Wadhwa, Esha",,"","COSTA MESA, CA - USA",,,"Normal","False",,,"Normal",""
,"Love, Barbara",,,,,"","",,,,,,,,,,,,,,,,,,,,,,,,,,,"",,,,,,"",,"","",,,,,,"0/0/00","",,"0/0/00",,,,,"barbara.love2@wellpoint.com","SMTP","barbara.love2@wellpoint.com",,,,,,,"Unspecified",,,,,,,,,"",,"","",,,"Normal","False",,,"Normal","",,,,,""
,"bernadette.marra@wellpoint.com",,,,,"","",,,,,,,,,,,,,,,,,,,,,,,,,,,"",,,,,,"",,"","",,,,,,"0/0/00","",,"0/0/00",,"My Group",,,"bernadette.marra@wellpoint.com","SMTP","bernadette.marra@wellpoint.com",,,,,,,"Unspecified",,,,,,,,,"",,"","",,,"Normal","False",,,"Normal","",,,,,""
,"Pepper, Dana",,,,,"","",,,,,,,,,,,,,,,,,,,,,,,,,,,"",,,,,,"",,"","",,,,,,"0/0/00","",,"0/0/00",,"My Group",,,"dana.pepper@wellpoint.com","SMTP","dana.pepper@wellpoint.com",,,,,,,"Unspecified",,,,,,,,,"",,"","",,,"Normal","False",,,"Normal","",,,,,""
,"Besze, Paige",,,,,"","",,,,,,,,,,,,,,,,,,,,,,,,,,,"",,,,,,"",,"","",,,,,,"0/0/00","",,"0/0/00",,"My Group",,,"paige.besze@wellpoint.com","SMTP","paige.besze@wellpoint.com",,,,,,,"Unspecified",,,,,,,,,"",,"","",,,"Normal","False",,,"Normal","",,,,,""
,"Fraker, Heather",,,,,"","",,,,,,,,,,,,,,,,,,,,,,,,,,,"",,,,,,"",,"","",,,,,,"0/0/00","",,"0/0/00",,"My Group",,,"heather.fraker@wellpoint.com","SMTP","heather.fraker@wellpoint.com",,,,,,,"Unspecified",,,,,,,,,"",,"","",,,"Normal","False",,,"Normal","",,,,,""
"","Crystal","","Huffman","","The Elevance Health Companies, Inc.","Risk Platforms - HB","Process Improvement Dir (US)","6000 LOMBARDO CENTER",,,"SEVEN HILLS","OH","44131","United States",,,,,,,,,,,,,,,,,,,,"",,,,,,"+1 (330) 236-6089",,"","",,,,,"AF08731","0/0/00","",,"0/0/00",,"My Group",,,"/o=ExchangeLabs/ou=Exchange Administrative Group (FYDIBOHF23SPDLT)/cn=Recipients/cn=323ff5bda5124a2291a32e6fcc6a4fbd-AF08731","EX","Crystal Huffman (Crystal.Huffman@carelon.com)",,,,,,,"Unspecified",,,,"C.H.",,"","","","Humphries, Leon",,"","SEVEN HILLS, OH - USA",,,"Normal","False",,,"Normal",""
,"Scott",,"Welsch",,"The Elevance Health Companies, Inc.","Health Economics","Prov Contract/CofC Consult (US)",,,,,,,,,,,,,,,,,,,,,,,,"+1 (262) 5233375",,,"",,,,,,"+1 (262) 5233375",,"","",,,,,,"0/0/00","",,"0/0/00",,"My Group",,,"/o=ExchangeLabs/ou=Exchange Administrative Group (FYDIBOHF23SPDLT)/cn=Recipients/cn=5f9275077e084d78b98ee07c6bd354d3-AF51954","EX","Welsch, Scott",,,,,,,"Unspecified",,,,"J",,,,,"Ruark, Jan",,"","Waukesha, WI - USA",,,"Normal","False",,,"Normal",""
,"elizabeth.kraft@wellpoint.com",,,,,"","",,,,,,,,,,,,,,,,,,,,,,,,,,,"",,,,,,"",,"","",,,,,,"0/0/00","",,"0/0/00",,"CO Team",,,"elizabeth.kraft@wellpoint.com","SMTP","elizabeth.kraft@wellpoint.com",,,,,,,"Unspecified",,,,,,,,,"",,"","",,,"Normal","False",,,"Normal","",,,,,""
,"Jackie",,"Ferguson",,"The Elevance Health Companies, Inc.","Strategic Planning - Delivery Office","Initiative Project Leader (US)",,,,,,,,,,,,,,,,,,,,,,,,,,,"",,,,,,"+1 (303) 2410269",,"","",,,,,,"0/0/00","",,"0/0/00",,"CO Team",,,"/o=ExchangeLabs/ou=Exchange Administrative Group (FYDIBOHF23SPDLT)/cn=Recipients/cn=e9d922c1627b496699ef27142070488a-FERGUJC","EX","Ferguson, Jackie",,,,,,,"Unspecified",,,,"A",,,,,"Simkin, Alessandra",,"","DENVER, CO - USA",,,"Normal","False",,,"Normal",""
,"Jennifer",,"Degan",,"The Elevance Health Companies, Inc.","EDA - Health OS","Strategy & Prog Dev Dir (US)",,,,,,,,,,,,,,,,,,,,,,,,"+1 (317) 6072074",,,"",,,,,,"+1 (317) 6072074",,"","",,,,,,"0/0/00","",,"0/0/00",,"CO Team",,,"/o=ExchangeLabs/ou=Exchange Administrative Group (FYDIBOHF23SPDLT)/cn=Recipients/cn=9d312610ad174ecfa5706c16b2c5af97-AF10142","EX","Degan, Jennifer",,,,,,,"Unspecified",,,,"",,,,,"Van Note, Bryan",,"","INDIANAPOLIS, IN - USA",,,"Normal","False",,,"Normal",""
,"Riley, Christopher",,,,,"","",,,,,,,,,,,,,,,,,,,,,,,,,,,"",,,,,,"",,"","",,,,,,"0/0/00","",,"0/0/00",,"CO Team",,,"christopher.riley@wellpoint.com","SMTP","christopher.riley@wellpoint.com",,,,,,,"Unspecified",,,,,,,,,"",,"","",,,"Normal","False",,,"Normal","",,,,,""
,"jessica.patrick@wellpoint.com",,,,,"","",,,,,,,,,,,,,,,,,,,,,,,,,,,"",,,,,,"",,"","",,,,,,"0/0/00","",,"0/0/00",,"CO Team",,,"jessica.patrick@wellpoint.com","SMTP","jessica.patrick@wellpoint.com",,,,,,,"Unspecified",,,,,,,,,"",,"","",,,"Normal","False",,,"Normal","",,,,,""
,"Mantych, Holly",,,,,"","",,,,,,,,,,,,,,,,,,,,,,,,,,,"",,,,,,"",,"","",,,,,,"0/0/00","",,"0/0/00",,"CO Team",,,"holly.mantych@wellpoint.com","SMTP","holly.mantych@wellpoint.com",,,,,,,"Unspecified",,,,,,,,,"",,"","",,,"Normal","False",,,"Normal","",,,,,""
,"Null, Wendy",,,,,"","",,,,,,,,,,,,,,,,,,,,,,,,,,,"",,,,,,"",,"","",,,,,,"0/0/00","",,"0/0/00",,"Pharmacy Team",,,"wendy.null@wellpoint.com","SMTP","wendy.null@wellpoint.com",,,,,,,"Unspecified",,,,,,,,,"",,"","",,,"Normal","False",,,"Normal","",,,,,""
,"Leva",,"Jaberizadeh",,"The Elevance Health Companies, Inc.","CarelonRx Clinical and Specialty Pharmacy","Clinical Pharmacy Prog Dir (US)",,,,,,,,,,,,,,,,,,,,,,,,"+1 (470) 4087182",,,"",,,,,,"+1 (470) 4087182",,"","",,,,,,"0/0/00","",,"0/0/00",,"Pharmacy Team",,,"/o=ExchangeLabs/ou=Exchange Administrative Group (FYDIBOHF23SPDLT)/cn=Recipients/cn=91fbbd8be3ad4824842ababdcfa75d21-AG32494","EX","Jaberizadeh, Leva",,,,,,,"Unspecified",,,,"",,,,,"Schultz, Heather",,"","ATLANTA, GA - USA",,,"Normal","False",,,"Normal",""
"","Dione","A","Woods","","","","",,,,,,,,,,,,,,,,,,,,,,,,,,,"",,,,,,"",,"","",,,,,"","0/0/00","",,"0/0/00",,"Pharmacy Team",,,"/o=ExchangeLabs/ou=Exchange Administrative Group (FYDIBOHF23SPDLT)/cn=Recipients/cn=abd66ad213014035835a2dcbda57267f-AB35474","EX","Dione A Woods (abd66ad213014035835a2dcbda57267f-AB35474)","dione.woods@wellpoint.com","SMTP","dione.woods@wellpoint.com",,,,"Unspecified",,,,"D.A.W.",,"","","","",,"","",,,"Normal","False",,,"Normal","",,,,,""
"","Hector A.","","Luna","","The Anthem Companies, Inc.","Clinical and Specialty Pharmac","Clin Prog Dev Manager","3634 Maryland Parkway",,,"Las Vegas","NV","89169","United States",,,,,,,,,,,,,,,,,,,,"",,,,,,"",,"","",,,,,"AC71257","0/0/00","",,"0/0/00",,,,,"hector.luna@ingenio-rx.com","SMTP","Hector A. Luna (hector.luna@ingenio-rx.com)",,,,,,,"Unspecified",,,,"H.A.L.",,"","","","",,,"NV15-0000",,,"Normal","False",,,"Normal",""
,"An",,"Thai",,,"","HealthSmart Management Services Organization, Inc",,,,,,,,"5785 Corporate Avenue
Cypress, CA 90630-4726",,,,,,,,,,,,,,,,"(714) 947-8683",,,"",,,,,,"",,"","",,,,,,"0/0/00","",,"0/0/00",,,,,"athai@healthsmartmso.com","SMTP","athai@healthsmartmso.com",,,,,,,"Unspecified",,,,,,,,,"",,,"",,,"Normal","False",,,"Normal","",,,,,""
,"Daniel",,"Pascua",,,"","HealthSmart Management Services Organization, Inc",,,,,,,,"5785 Corporate Avenue 
Cypress CA 90630-4726",,,,,,,,,,,,,,,,"(714) 947-5961",,,"",,,,,,"",,"","",,,,,,"0/0/00","",,"0/0/00",,,,,"dpascua@healthsmartmso.com","SMTP","dpascua@healthsmartmso.com",,,,,,,"Unspecified",,,,,,,,,"",,,"",,,"Normal","False",,,"Normal","",,,,,""
"","Reza","","Ghaemi","","The Anthem Companies, Inc.","EDA- Clinical and Member Analy","Engineer Sr","740 W. Peachtree St. NW",,,"Atlanta","GA","30308","United States",,,,,,,,,,,,,,,,,,,,"",,,,,,"",,"","",,,,,"AF36067","0/0/00","",,"0/0/00",,,,,"/o=ExchangeLabs/ou=Exchange Administrative Group (FYDIBOHF23SPDLT)/cn=Recipients/cn=86598860eced432f896baf11ea40cf01-AF36067","EX","Ghaemi, Reza",,,,,,,"Unspecified",,,,"R.G.",,"","","","",,,"GA17-0000",,,"Normal","False",,,"Normal",""
"","Mitul","","Patel","",,"","",,,,,,,,,,,,,,,,,,,,,,,,,,,"",,,,,,"",,"","",,,,,"","0/0/00","",,"0/0/00",,,,,"Patel.Mitul@scrippshealth.org","SMTP","Patel, Mitul (Patel.Mitul@scrippshealth.org)",,,,,,,"Unspecified",,,,"M.P.",,"","","","",,,"",,,"Normal","False",,,"Normal","",,,,,""
"","Nicole","","Hicks","",,"","",,,,,,,,,,,,,,,,,,,,,,,,,,,"",,,,,,"",,"","",,,,,"","0/0/00","",,"0/0/00",,,,,"NHicks@nammcal.com","SMTP","Nicole Hicks",,,,,,,"Unspecified",,,,"N.H.",,"","","","",,,"",,,"Normal","False",,,"Normal","",,,,,""
"","Ingrid","","Juarez","","The Anthem Companies, Inc.","Rx Prior Authorizations-Clinic","Pharmacist Clinical","9250 W Flagler St",,,"Miami","FL","33174","United States",,,,,,,,,,,,,,,,,,,,"",,,,,,"",,"","",,,,,"AG13903","0/0/00","",,"0/0/00",,,,,"/o=ExchangeLabs/ou=Exchange Administrative Group (FYDIBOHF23SPDLT)/cn=Recipients/cn=6100fe364ad2446db2b3ceedc24bca52-AG13903","EX","Juarez, Ingrid",,,,,,,"Unspecified",,,,"I.J.",,"","","","",,,"FL13-0000",,,"Normal","False",,,"Normal",""
"","Elisa","","Ward","","The Anthem Companies, Inc.","Medicare Quality-West","Clin Qual Prog Manager","Work At Home",,,"Work@Home","CA",,"United States",,,,,,,,,,,,,,,,,,,,"",,,,,,"",,"","",,,,,"AG32163","0/0/00","",,"0/0/00",,,,,"elisa.ward@anthem.com","SMTP","Elisa Ward (elisa.ward@anthem.com)",,,,,,,"Unspecified",,,,"E.W.",,"","","","",,,"CAOPW",,,"Normal","False",,,"Normal",""
"","Bonnie","","Zhao","","The Anthem Companies, Inc.","Medicare Quality-West","Clin Qual Prog Manager","Work At Home",,,"Work@Home","CA",,"United States",,,,,,,,,,,,,,,,,,,,"",,,,,,"+1 (415) 238-4659",,"","",,,,,"AF45555","0/0/00","",,"0/0/00",,"My Group",,,"/o=ExchangeLabs/ou=Exchange Administrative Group (FYDIBOHF23SPDLT)/cn=Recipients/cn=23586c3804354f40bd3798f697ebc78c-AF45555","EX","Fong, Bonnie",,,,,,,"Unspecified",,,,"B.Z.",,"","","","",,,"CAOPW",,,"Normal","False",,,"Normal",""
"","Heather","","Schultz","","The Elevance Health Companies, Inc.","CarelonRx Clinical Pharmacy STARS","Staff VP Clinical & Spec Pharm (US)","1960 IVY CREEK BLVD",,,"DURHAM","NC","27707","United States",,,,,,,,,,,,,,,,,,,,"",,,,,,"+1 (919) 428-5942",,"","",,,,,"AF51395","0/0/00","",,"0/0/00",,"Pharmacy Team",,,"/o=ExchangeLabs/ou=Exchange Administrative Group (FYDIBOHF23SPDLT)/cn=Recipients/cn=d868ff21434940d38f60a377e23017f5-AF51395","EX","Heather Schultz (Heather.Schultz@carelon.com)",,,,,,,"Unspecified",,,,"H.S.",,"","","","",,,"DURHAM, NC - USA",,,"Normal","False",,,"Normal",""
,"Amanda",,"D'Ambrosia",,"The Anthem Companies, Inc.","Provider Solutions CO","Provider Network Manager Sr","700 Broadway",,,"Denver","CO","80273","United States",,,,,,,,,,,,,,,,,,,,"",,,,,,"",,"","",,,,,"AG09379","0/0/00","",,"0/0/00",,,,,"/o=ExchangeLabs/ou=Exchange Administrative Group (FYDIBOHF23SPDLT)/cn=Recipients/cn=d2f3ec9376a44943a1702fcf236aa41e-AG09379","EX","D'Ambrosia, Amanda",,,,,,,"Unspecified",,,,"A.D.",,"","","","",,"","CO0105-0568",,,"Normal","False",,,"Normal",""
,"William",,"Parr",,"The Anthem Companies, Inc.","Care Delivery Transformation -","Process Improvement Dir","Work At Home",,,"Work@Home","OH",,"United States",,,,,,,,,,,,,,,,,,,,"",,,,,,"",,"","",,,,,"AF42695","0/0/00","",,"0/0/00",,,,,"william.parr@anthem.com","SMTP","William Parr (william.parr@anthem.com)",,,,,,,"Unspecified",,,,"W.P.",,"","","","",,"","OHOPW",,,"Normal","False",,,"Normal",""
,"Taylor.",,"Coulter",,,"","",,,,,,,,,,,,,,,,,,,,,,,,,,,"",,,,,,"",,"","",,,,,,"0/0/00","",,"0/0/00",,,,,"Taylor.Coulter@HealthONEcares.com","SMTP","Taylor.Coulter (Taylor.Coulter@HealthONEcares.com)",,,,,,,"Unspecified",,,,"T.C.",,"","","","",,"","",,,"Normal","False",,,"Normal","",,,,,""
,"Brittain",,"Ellis",,,"","",,,,,,,,,,,,,,,,,,,,,,,,,,,"",,,,,,"",,"","",,,,,,"0/0/00","",,"0/0/00",,,,,"William.Brittain@hcahealthcare.com","SMTP","Brittain Ellis (William.Brittain@hcahealthcare.com)",,,,,,,"Unspecified",,,,"B.E.",,"","","","",,"","",,,"Normal","False",,,"Normal","",,,,,""
,"lisarothgery",,,,,"","",,,,,,,,,,,,,,,,,,,,,,,,,,,"",,,,,,"",,"","",,,,,,"0/0/00","",,"0/0/00",,,,,"lisarothgery@gmail.com","SMTP","lisarothgery (lisarothgery@gmail.com)",,,,,,,"Unspecified",,,,"l.",,"","","","",,"","",,,"Normal","False",,,"Normal","",,,,,""
,"Cole",,"Analisa",,,"","",,,,,,,,,,,,,,,,,,,,,,,,,,,"",,,,,,"",,"","",,,,,,"0/0/00","",,"0/0/00",,,,,"Analisa.Cole@HealthONEcares.com","SMTP","Cole Analisa (Analisa.Cole@HealthONEcares.com)",,,,,,,"Unspecified",,,,"C.A.",,"","","","",,"","",,,"Normal","False",,,"Normal","",,,,,""
,"Julie",,"Moran",,,"","",,,,,,,,,,,,,,,,,,,,,,,,,,,"",,,,,,"",,"","",,,,,,"0/0/00","",,"0/0/00",,,,,"JulieMoran@Centura.Org","SMTP","Moran, Julie (JulieMoran@Centura.Org)",,,,,,,"Unspecified",,,,"J.M.",,"","","","",,"","",,,"Normal","False",,,"Normal","",,,,,""
,"Janet","M","Pauli",,,"","",,,,,,,,,,,,,,,,,,,,,,,,,,,"",,,,,,"",,"","",,,,,,"0/0/00","",,"0/0/00",,,,,"JanetPauli@Centura.Org","SMTP","Pauli, Janet M (JanetPauli@Centura.Org)",,,,,,,"Unspecified",,,,"J.M.P.",,"","","","",,"","",,,"Normal","False",,,"Normal","",,,,,""
,"Amy","M.","Smith",,,"","",,,,,,,,,,,,,,,,,,,,,,,,,,,"",,,,,,"",,"","",,,,,,"0/0/00","",,"0/0/00",,,,,"AmySmith3@Centura.Org","SMTP","Smith, Amy M. (AmySmith3@Centura.Org)",,,,,,,"Unspecified",,,,"A.M.S.",,"","","","",,"","",,,"Normal","False",,,"Normal","",,,,,""
,"Keith",,"Humble",,,"","",,,,,,,,,,,,,,,,,,,,,,,,,,,"",,,,,,"",,"","",,,,,,"0/0/00","",,"0/0/00",,,,,"KeithHumble@Centura.Org","SMTP","Humble, Keith (KeithHumble@Centura.Org)",,,,,,,"Unspecified",,,,"K.H.",,"","","","",,"","",,,"Normal","False",,,"Normal","",,,,,""
,"Pamela","L","Garza",,,"","",,,,,,,,,,,,,,,,,,,,,,,,,,,"",,,,,,"",,"","",,,,,,"0/0/00","",,"0/0/00",,,,,"PamelaGarza@Centura.Org","SMTP","Garza, Pamela L (PamelaGarza@Centura.Org)",,,,,,,"Unspecified",,,,"P.L.G.",,"","","","",,"","",,,"Normal","False",,,"Normal","",,,,,""
,"Molly",,"Spiegelberg",,,"","",,,,,,,,,,,,,,,,,,,,,,,,,,,"",,,,,,"",,"","",,,,,,"0/0/00","",,"0/0/00",,,,,"MollySpiegelberg@Centura.Org","SMTP","Spiegelberg, Molly",,,,,,,"Unspecified",,,,"M.S.",,"","","","",,"","",,,"Normal","False",,,"Normal","",,,,,""
,"Steve",,"Milligan",,,"","",,,,,,,,,,,,,,,,,,,,,,,,,,,"",,,,,,"",,"","",,,,,,"0/0/00","",,"0/0/00",,,,,"SteveMilligan@Centura.Org","SMTP","Milligan, Steve (SteveMilligan@Centura.Org)",,,,,,,"Unspecified",,,,"S.M.",,"","","","",,"","",,,"Normal","False",,,"Normal","",,,,,""
,"Christine",,"Lewis",,,"","",,,,,,,,,,,,,,,,,,,,,,,,,,,"",,,,,,"",,"","",,,,,,"0/0/00","",,"0/0/00",,,,,"ChristineLewis@Centura.Org","SMTP","Lewis, Christine (ChristineLewis@Centura.Org)",,,,,,,"Unspecified",,,,"C.L.",,"","","","",,"","",,,"Normal","False",,,"Normal","",,,,,""
,"Oswaldo",,"Grenardo",,,"","",,,,,,,,,,,,,,,,,,,,,,,,,,,"",,,,,,"",,"","",,,,,,"0/0/00","",,"0/0/00",,,,,"OswaldoGrenardo@Centura.Org","SMTP","Grenardo, Oswaldo (OswaldoGrenardo@Centura.Org)",,,,,,,"Unspecified",,,,"O.G.",,"","","","",,"","",,,"Normal","False",,,"Normal","",,,,,""
,"Kristen",,"Daley",,,"","",,,,,,,,,,,,,,,,,,,,,,,,,,,"",,,,,,"",,"","",,,,,,"0/0/00","",,"0/0/00",,,,,"KristenDaley@Centura.Org","SMTP","Daley, Kristen (KristenDaley@Centura.Org)",,,,,,,"Unspecified",,,,"K.D.",,"","","","",,"","",,,"Normal","False",,,"Normal","",,,,,""
,"Sarah",,"Chassey",,,"","",,,,,,,,,,,,,,,,,,,,,,,,,,,"",,,,,,"",,"","",,,,,,"0/0/00","",,"0/0/00",,,,,"Sarah.Chassey@phpmcs.com","SMTP","Chassey, Sarah (Sarah.Chassey@phpmcs.com)",,,,,,,"Unspecified",,,,"S.C.",,"","","","",,"","",,,"Normal","False",,,"Normal","",,,,,""
,"Heather",,"Piernik",,,"","",,,,,,,,,,,,,,,,,,,,,,,,,,,"",,,,,,"",,"","",,,,,,"0/0/00","",,"0/0/00",,,,,"heather.piernik@phpmcs.com","SMTP","Piernik, Heather (heather.piernik@phpmcs.com)",,,,,,,"Unspecified",,,,"H.P.",,"","","","",,"","",,,"Normal","False",,,"Normal","",,,,,""
,"Cindi",,"Terra",,,"","",,,,,,,,,,,,,,,,,,,,,,,,,,,"",,,,,,"",,"","",,,,,,"0/0/00","",,"0/0/00",,,,,"Cindi.Terra@phpmcs.com","SMTP","Terra, Cindi (Cindi.Terra@phpmcs.com)",,,,,,,"Unspecified",,,,"C.T.",,"","","","",,"","",,,"Normal","False",,,"Normal","",,,,,""
,"Rasheed.",,"Lawal",,,"","",,,,,,,,,,,,,,,,,,,,,,,,,,,"",,,,,,"",,"","",,,,,,"0/0/00","",,"0/0/00",,,,,"Rasheed.Lawal@phpmcs.com","SMTP","Rasheed.Lawal (Rasheed.Lawal@phpmcs.com)",,,,,,,"Unspecified",,,,"R.L.",,"","","","",,"","",,,"Normal","False",,,"Normal","",,,,,""
,"Zula.",,"Solomon",,,"","",,,,,,,,,,,,,,,,,,,,,,,,,,,"",,,,,,"",,"","",,,,,,"0/0/00","",,"0/0/00",,,,,"Zula.Solomon@phpmcs.com","SMTP","Zula.Solomon (Zula.Solomon@phpmcs.com)",,,,,,,"Unspecified",,,,"Z.S.",,"","","","",,"","",,,"Normal","False",,,"Normal","",,,,,""
,"Linda.",,"hinderks",,,"","",,,,,,,,,,,,,,,,,,,,,,,,,,,"",,,,,,"",,"","",,,,,,"0/0/00","",,"0/0/00",,,,,"Linda.hinderks@phpmcs.com","SMTP","Linda.hinderks (Linda.hinderks@phpmcs.com)",,,,,,,"Unspecified",,,,"L.h.",,"","","","",,"","",,,"Normal","False",,,"Normal","",,,,,""
,"Sarah",,"Wray",,,"","",,,,,,,,,,,,,,,,,,,,,,,,,,,"",,,,,,"",,"","",,,,,,"0/0/00","",,"0/0/00",,,,,"sarah.wray@phpmcs.com","SMTP","Wray, Sarah (sarah.wray@phpmcs.com)",,,,,,,"Unspecified",,,,"S.W.",,"","","","",,"","",,,"Normal","False",,,"Normal","",,,,,""
"","Cheryl","","Sanelli","","The Anthem Companies, Inc.","Provider Solutions CO","Provider Collaboration Mgr","700 Broadway",,,"Denver","CO","80273","United States",,,,,,,,,,,,,,,,,"+1 (303) 869-3340",,,"",,,,,,"",,"","",,,,,"AD88572","0/0/00","",,"0/0/00",,"CO Team",,,"/o=ExchangeLabs/ou=Exchange Administrative Group (FYDIBOHF23SPDLT)/cn=Recipients/cn=7555d3d4e9c54828843697f55e75ae0d-AD88572","EX","Carroll, Cheryl",,,,,,,"Unspecified",,,,"C.S.",,"","","","",,,"CO0105-0568",,,"Normal","False",,,"Normal",""
"","Christopher","","Riley","","The Anthem Companies, Inc.","Provider Solutions CO","Provider Collaboration  Dir","700 Broadway",,,"Denver","CO","80273","United States",,,,,,,,,,,,,,,,,,,,"",,,,,,"",,"","",,,,,"AF31829","0/0/00","",,"0/0/00",,,,,"christopher.riley@anthem.com","SMTP","Christopher Riley (christopher.riley@anthem.com)",,,,,,,"Unspecified",,,,"C.R.",,"","","","",,,"CO0105-0568",,,"Normal","False",,,"Normal",""
"","Andrea","","Saccucci","","The Anthem Companies, Inc.","Payment Innovation Strategy (A","Business Change Director","Work At Home",,,"Work@Home","NY",,"United States",,,,,,,,,,,,,,,,,,,,"",,,,,,"+1 (518) 729-6917",,"","",,,,,"AA73960","0/0/00","",,"0/0/00",,,,,"/o=ExchangeLabs/ou=Exchange Administrative Group (FYDIBOHF23SPDLT)/cn=Recipients/cn=19d946f53c92472d878e7108630db22c-AA73960","EX","Saccucci, Andrea",,,,,,,"Unspecified",,,,"A.S.",,"","","","",,,"NYOPW",,,"Normal","False",,,"Normal",""
"","Bridget","","Flavin","","The Anthem Companies, Inc.","Clinical Pharmacy Program Mana","Pharmacist Program Mgr","Work At Home",,,"Work@Home","CO",,"United States",,,,,,,,,,,,,,,,,"+1 (303) 396-9604",,,"",,,,,,"",,"","",,,,,"AD57193","0/0/00","",,"0/0/00",,,,,"bridget.flavin@Ingenio-RX.com","SMTP","Bridget Flavin (bridget.flavin@Ingenio-RX.com)",,,,,,,"Unspecified",,,,"B.F.",,"","","","",,,"COOPW",,,"Normal","False",,,"Normal",""
"","Jessica","","Patrick","","The Anthem Companies, Inc.","Care Delivery Transformation -","Process Improvement Dir","Work At Home",,,"Work@Home","KY",,"United States",,,,,,,,,,,,,,,,,"+1 (703) 402-8737",,,"",,,,,,"+1 (703) 402-8737",,"","",,,,,"AE10040","0/0/00","",,"0/0/00",,,,,"jessica.patrick@anthem.com","SMTP","Jessica Patrick (jessica.patrick@anthem.com)",,,,,,,"Unspecified",,,,"J.P.",,"","","","",,,"KYOPW",,,"Normal","False",,,"Normal",""
"","Kristina","","Werther","","The Anthem Companies, Inc.","Care Delivery Transformation -","Care Consultant Sr","Work At Home",,,"Work@Home","CO",,"United States",,,,,,,,,,,,,,,,,,,,"",,,,,,"",,"","",,,,,"AG40674","0/0/00","",,"0/0/00",,"CO Team",,,"/o=ExchangeLabs/ou=Exchange Administrative Group (FYDIBOHF23SPDLT)/cn=Recipients/cn=58bfda66984b4503a02c9ca094b18015-AG40674","EX","Werther, Kristy",,,,,,,"Unspecified",,,,"K.W.",,"","","","",,,"COOPW",,,"Normal","False",,,"Normal",""
"","Steve","","Potje","","The Anthem Companies, Inc.","Care Delivery Transformation -","Care Consultant Sr","Work At Home",,,"Work@Home","MO",,"United States",,,,,,,,,,,,,,,,,,,,"",,,,,,"+1 (314) 681-9073",,"","",,,,,"AD14813","0/0/00","",,"0/0/00",,,,,"stephen.potje@anthem.com","SMTP","Steve Potje (stephen.potje@anthem.com)",,,,,,,"Unspecified",,,,"S.P.",,"","","","",,,"MOOPW",,,"Normal","False",,,"Normal",""
"","Hyun S.","","Min","","The Anthem Companies, Inc.","Care Delivery Transformation -","Care Consultant Sr","Work At Home",,,"Work@Home","CA",,"United States",,,,,,,,,,,,,,,,,,,,"",,,,,,"",,"","",,,,,"AD77327","0/0/00","",,"0/0/00",,,,,"/o=ExchangeLabs/ou=Exchange Administrative Group (FYDIBOHF23SPDLT)/cn=Recipients/cn=14ffb08c82db4e39a9ffe10a6730f05f-AD77327","EX","Min, Hyun S.",,,,,,,"Unspecified",,,,"H.S.M.",,"","","","",,,"CAOPW",,,"Normal","False",,,"Normal",""
"","Barbara","","Love","","The Anthem Companies, Inc.","Care Delivery Transformation -","Care Consultant Sr","Work At Home",,,"Work@Home","CA",,"United States",,,,,,,,,,,,,,,,,"+1 (650) 235-5775",,,"",,,,,,"",,"","",,,,,"AF05865","0/0/00","",,"0/0/00",,,,,"barbara.love2@anthem.com","SMTP","Barbara Love (barbara.love2@anthem.com)",,,,,,,"Unspecified",,,,"B.L.",,"","","","",,,"CAOPW",,,"Normal","False",,,"Normal",""
"","Julie","","Laurin","","The Anthem Companies, Inc.","Care Delivery Transformation -","Care Consultant Sr","Work At Home",,,"Work@Home","WI",,"United States",,,,,,,,,,,,,,,,,"+1 (262) 321-1264",,,"",,,,,,"+1 (262) 321-1264",,"","",,,,,"AF47058","0/0/00","",,"0/0/00",,,,,"/o=ExchangeLabs/ou=Exchange Administrative Group (FYDIBOHF23SPDLT)/cn=Recipients/cn=fa8bbeca891740f3b15a281fe87018d3-AF47058","EX","Laurin, Julie",,,,,,,"Unspecified",,,,"J.L.",,"","","","",,,"WIOPW",,,"Normal","False",,,"Normal",""
"","Heather","","Fraker","","The Anthem Companies, Inc.","Care Delivery Transformation -","Care Consultant Sr","Work At Home",,,"Work@Home","MO",,"United States",,,,,,,,,,,,,,,,,,,,"",,,,,,"",,"","",,,,,"AF80439","0/0/00","",,"0/0/00",,,,,"heather.fraker@anthem.com","SMTP","Heather Fraker (heather.fraker@anthem.com)",,,,,,,"Unspecified",,,,"H.F.",,"","","","",,,"MOOPW",,,"Normal","False",,,"Normal",""
"","Paige","","Besze","","The Anthem Companies, Inc.","Care Delivery Transformation -","Care Consultant Sr","Work At Home",,,"Work@Home","OH",,"United States",,,,,,,,,,,,,,,,,,,,"",,,,,,"",,"","",,,,,"AF92563","0/0/00","",,"0/0/00",,,,,"paige.besze@anthem.com","SMTP","Paige Besze (paige.besze@anthem.com)",,,,,,,"Unspecified",,,,"P.B.",,"","","","",,,"OHOPW",,,"Normal","False",,,"Normal",""
"","Chloe","","Balma","","The Anthem Companies, Inc.","Care Delivery Transformation -","Care Consultant Sr","Work At Home",,,"Work@Home","CA",,"United States",,,,,,,,,,,,,,,,,,,,"",,,,,,"",,"","",,,,,"AF92550","0/0/00","",,"0/0/00",,,,,"chloe.balma@anthem.com","SMTP","Chloe Balma (chloe.balma@anthem.com)",,,,,,,"Unspecified",,,,"C.B.",,"","","","",,,"CAOPW",,,"Normal","False",,,"Normal",""
"","Tiffany","","Ransel","","The Anthem Companies, Inc.","Care Delivery Transformation -","Dir Community Transform Progrm","Work At Home",,,"Work@Home","CO",,"United States",,,,,,,,,,,,,,,,,"+1 (720) 442-6294",,,"",,,,,,"",,"","",,,,,"AB35475","0/0/00","",,"0/0/00",,"My Group",,,"/o=ExchangeLabs/ou=Exchange Administrative Group (FYDIBOHF23SPDLT)/cn=Recipients/cn=0bdcbd1f9df340dfa7bf7bc4a39a6634-AB35475","EX","Ransel, Tiffany",,,,,,,"Unspecified",,,,"T.R.",,"","","","",,,"COOPW",,,"Normal","False",,,"Normal",""
"","Aadron","","Rausch","","The Anthem Companies, Inc.","Care Delivery Transformation -","Process Improvement Dir","Work At Home",,,"Work@Home","IN",,"United States",,,,,,,,,,,,,,,,,,,,"",,,,,,"",,"","",,,,,"AF39681","0/0/00","",,"0/0/00",,,,,"aadron.rausch@anthem.com","SMTP","Aadron Rausch (aadron.rausch@anthem.com)",,,,,,,"Unspecified",,,,"A.R.",,"","","","",,,"INOPW",,,"Normal","False",,,"Normal",""
"","Holly","","Mantych","","The Anthem Companies, Inc.","Care Delivery Transformation -","Care Consultant Sr","Work At Home",,,"Work@Home","CO",,"United States",,,,,,,,,,,,,,,,,"+1 (720) 326-3621",,,"",,,,,,"",,"","",,,,,"AD38481","0/0/00","",,"0/0/00",,,,,"holly.mantych@anthem.com","SMTP","Holly Mantych (holly.mantych@anthem.com)",,,,,,,"Unspecified",,,,"H.M.",,"","","","",,,"COOPW",,,"Normal","False",,,"Normal",""
"","Robin","","Reed","","The Anthem Companies, Inc.","Care Delivery Transformation -","Care Consultant Sr","Work At Home",,,"Work@Home","VA",,"United States",,,,,,,,,,,,,,,,,"+1 (804) 629-0904",,,"",,,,,,"",,"","",,,,,"JENSORB","0/0/00","",,"0/0/00",,,,,"Robin.Reed@anthem.com","SMTP","Robin Reed (Robin.Reed@anthem.com)",,,,,,,"Unspecified",,,,"R.R.",,"","","","",,,"VAOPW",,,"Normal","False",,,"Normal",""
"","Wendy","","Kane","","The Anthem Companies, Inc.","Care Delivery Transformation -","Care Consultant Sr","Work At Home",,,"Work@Home","CO",,"United States",,,,,,,,,,,,,,,,,"+1 (720) 584-3086",,,"",,,,,,"",,"","",,,,,"AE02560","0/0/00","",,"0/0/00",,,,,"wendy.kane@anthem.com","SMTP","Wendy Kane (wendy.kane@anthem.com)",,,,,,,"Unspecified",,,,"W.K.",,"","","","",,,"COOPW",,,"Normal","False",,,"Normal",""
"","Neha","","Patel","","The Anthem Companies, Inc.","Care Delivery Transformation -","Dir Community Transform Progrm","Work At Home",,,"Work@Home","CO",,"United States",,,,,,,,,,,,,,,,,"+1 (720) 355-6354",,,"",,,,,,"",,"","",,,,,"AB40258","0/0/00","",,"0/0/00",,,,,"Neha.Patel@anthem.com","SMTP","Neha Patel (Neha.Patel@anthem.com)",,,,,,,"Unspecified",,,,"N.P.",,"","","","",,,"COOPW",,,"Normal","False",,,"Normal",""
"","Michael","","Streffery","","The Anthem Companies, Inc.","Care Delivery Transformation -","Care Consultant Sr","Work At Home",,,"Work@Home","CA",,"United States",,,,,,,,,,,,,,,,,,,,"",,,,,,"",,"","",,,,,"AF87487","0/0/00","",,"0/0/00",,,,,"michael.streffery@anthem.com","SMTP","Michael Streffery (michael.streffery@anthem.com)",,,,,,,"Unspecified",,,,"M.S.",,"","","","",,,"CAOPW",,,"Normal","False",,,"Normal",""
"","Shelley","","Sokolowski","","The Anthem Companies, Inc.","Care Delivery Transformation -","Care Consultant Sr","Work At Home",,,"Work@Home","WI",,"United States",,,,,,,,,,,,,,,,,"+1 (262) 752-6044",,,"",,,,,,"+1 (414) 416-6413",,"","",,,,,"AB03785","0/0/00","",,"0/0/00",,,,,"Shelley.Sokolowski@anthem.com","SMTP","Shelley Sokolowski (Shelley.Sokolowski@anthem.com)",,,,,,,"Unspecified",,,,"S.S.",,"","","","",,,"WIOPW",,,"Normal","False",,,"Normal",""
"","Melissa","","Kulasekere","","The Anthem Companies, Inc.","Care Delivery Transformation -","Care Consultant Sr","Work At Home",,,"Work@Home","CO",,"United States",,,,,,,,,,,,,,,,,"+1 (720) 492-0376",,,"",,,,,,"",,"","",,,,,"AF11657","0/0/00","",,"0/0/00",,"CO Team",,,"/o=ExchangeLabs/ou=Exchange Administrative Group (FYDIBOHF23SPDLT)/cn=Recipients/cn=9df1c9d904ba458096fea78a660232f4-AF11657","EX","Kulasekere, Melissa",,,,,,,"Unspecified",,,,"M.K.",,"","","","",,,"COOPW",,,"Normal","False",,,"Normal",""
"","Wendy","","Sale","","The Anthem Companies, Inc.","Care Delivery Transformation -","Business Change Manager","Work At Home",,,"Work@Home","CO",,"United States",,,,,,,,,,,,,,,,,"+1 (804) 389-3416",,,"",,,,,,"",,"","",,,,,"AF43333","0/0/00","",,"0/0/00",,,,,"wendy.sale@anthem.com","SMTP","Wendy Sale (wendy.sale@anthem.com)",,,,,,,"Unspecified",,,,"W.S.",,"","","","",,,"COOPW",,,"Normal","False",,,"Normal",""
"","Michelle","","Dubail","","The Elevance Health Companies, Inc.","AHD Business Other","Strategy Director (US)","108 LEIGUS RD",,,"WALLINGFORD","CT","06492","United States",,,,,,,,,,,,,,,,,,,,,,,,,,,,,,,,,,"AM23826","0/0/00",,,"0/0/00",,,,,"/o=ExchangeLabs/ou=Exchange Administrative Group (FYDIBOHF23SPDLT)/cn=Recipients/cn=c166a9fbebf94c14aea1081080d2123d-7dd2d4fb-ed","EX","Michelle Dubail (Michelle.Dubail@carelon.com)",,,,,,,"Unspecified",,,,"M.D.",,"","","",,,"
","WALLINGFORD, CT - USA",,,"Normal","False",,,"Normal"
"","Ann-Marie","","Parker","","The Elevance Health Companies, Inc.","CarelonRx Clinical Pharmacy Services","Clinical Pharmacy Prog Dir (US)","North Carolina",,,"North Carolina","NC","99999","United States",,,,,,,,,,,,,,,,,,,,,,,,,,,,,,,,,,"AH01752","0/0/00",,,"0/0/00",,,,,"/o=ExchangeLabs/ou=Exchange Administrative Group (FYDIBOHF23SPDLT)/cn=Recipients/cn=f63f0e5315be4e82b3f6785e42da564b-AH01752","EX","Ann-Marie Parker (Ann-Marie.Parker@carelon.com)",,,,,,,"Unspecified",,,,"A.P.",,"","","",,,"
","North Carolina, NC - USA",,,"Normal","False",,,"Normal"
"","YUSIF","","MORSY","","The Elevance Health Companies, Inc.","CarelonRx Clinical and Specialty Pharmacy","Business Analyst II (US)","3195 TERRA CROSSINGS BLVD",,,"LOUISVILLE","KY","40245","United States",,,,,,,,,,,,,,,,,,,,,,,,,,,,,,,,,,"AM28926","0/0/00",,,"0/0/00",,,,,"/o=ExchangeLabs/ou=Exchange Administrative Group (FYDIBOHF23SPDLT)/cn=Recipients/cn=59973b6691b94b648bdfd5968aaa9a2c-cd45151a-4c","EX","YUSIF MORSY (Yusif.Morsy@carelon.com)",,,,,,,"Unspecified",,,,"Y.M.",,"","","",,,"
","LOUISVILLE, KY - USA",,,"Normal","False",,,"Normal"
"","Anisha","","Jhaveri","","The Elevance Health Companies, Inc.","CarelonRx Clinical and Specialty Pharmacy","Pharmacist Clinical (US)","ONE PENN PLAZA",,,"NEW YORK","NY","10019","United States",,,,,,,,,,,,,,,,,,,,,,,,,,,,,,,,,,"AL10319","0/0/00",,,"0/0/00",,,,,"/o=ExchangeLabs/ou=Exchange Administrative Group (FYDIBOHF23SPDLT)/cn=Recipients/cn=1ee49975297c4ea3baeb73b7892d6035-AL10319","EX","Anisha Jhaveri (anisha.jhaveri@carelon.com)",,,,,,,"Unspecified",,,,"A.J.",,"","","",,,"
","NEW YORK, NY - USA",,,"Normal","False",,,"Normal"
"","Cheryl","","Hayes","","The Elevance Health Companies, Inc.","CarelonRx Clinical and Specialty Pharmacy","Mgr Pharmacy Clinical Ops (US)","8600 W BRYN MAWR AVE",,,"CHICAGO","IL","60631","United States",,,,,,,,,,,,,,,,,"+1 (224) 501-5803",,,,,,,,,"+1 (224) 501-5803",,,,,,,,"AG53390","0/0/00",,,"0/0/00",,,,,"/o=ExchangeLabs/ou=Exchange Administrative Group (FYDIBOHF23SPDLT)/cn=Recipients/cn=3261f6956b374e56a8d3132a769f6bb9-AG53390","EX","Cheryl Hayes (Cheryl.Hayes@carelon.com)",,,,,,,"Unspecified",,,,"C.H.",,"","","",,,"
","CHICAGO, IL - USA",,,"Normal","False",,,"Normal"
"","Leon","","Humphries","","The Elevance Health Companies, Inc.","Risk Platforms - HB","Dir II Payment Innovation (US)","8940 LYRA DR",,,"COLUMBUS","OH","43240","United States",,,,,,,,,,,,,,,,,,,,,,,,,,"+1 (646) 634-0629",,,,,,,,"AB71590","0/0/00",,,"0/0/00",,,,,"/o=ExchangeLabs/ou=Exchange Administrative Group (FYDIBOHF23SPDLT)/cn=Recipients/cn=ecac7c0a4ea34d3a977732e1ef679772-AB71590","EX","Leon Humphries (Leon.Humphries@carelon.com)",,,,,,,"Unspecified",,,,"L.H.",,"","","",,,"
","COLUMBUS, OH - USA",,,"Normal","False",,,"Normal"
"","Christopher","","Reminjuse","","The Elevance Health Companies, Inc.","CarelonRx Analytics and Revenue Management","Mgr Reporting & Data Analysis (US)","111 WOOD AVE S",,,"ISELIN","NJ","08830","United States",,,,,,,,,,,,,,,,,"+1 (757) 754-6062",,,,,,,,,"+1 (757) 754-6062",,,,,,,,"AF52586","0/0/00",,,"0/0/00",,,,,"/o=ExchangeLabs/ou=Exchange Administrative Group (FYDIBOHF23SPDLT)/cn=Recipients/cn=24c9e7230732443790966f7144a16f90-AF52586","EX","Christopher Reminjuse (Christopher.Reminjuse@carelon.com)",,,,,,,"Unspecified",,,,"C.R.",,"","","",,,"
","ISELIN, NJ - USA",,,"Normal","False",,,"Normal"
"","Jonathan","","Eilers","","The Elevance Health Companies, Inc.","CarelonRx Analytics and Revenue Management","Bus Info Consultant Sr (US)","233 S WACKER DR",,,"CHICAGO","IL","60606","United States",,,,,,,,,,,,,,,,,,,,,,,,,,,,,,,,,,"AG23138","0/0/00",,,"0/0/00",,,,,"/o=ExchangeLabs/ou=Exchange Administrative Group (FYDIBOHF23SPDLT)/cn=Recipients/cn=e3dc6446316b45869f8cc563e73a6e60-AG23138","EX","Jonathan Eilers (Jonathan.Eilers@carelon.com)",,,,,,,"Unspecified",,,,"J.E.",,"","","",,,"
","CHICAGO, IL - USA",,,"Normal","False",,,"Normal"
"","Scott D.","","Roberts","","The Elevance Health Companies, Inc.","CarelonRx Analytics and Revenue Management","Bus Info Developer Cons Sr (US)","3075 VANDERCAR WAY",,,"CINCINNATI","OH","45209","United States",,,,,,,,,,,,,,,,,"+1 (513) 445-0597",,,,,,,,,"+1 (513) 445-0597",,,,,,,,"AC10434","0/0/00",,,"0/0/00",,,,,"/o=ExchangeLabs/ou=Exchange Administrative Group (FYDIBOHF23SPDLT)/cn=Recipients/cn=4b2d05bcb2214e06be6e2914eac858df-AC10434","EX","Scott D. Roberts (scott.roberts2@carelon.com)",,,,,,,"Unspecified",,,,"S.D.R.",,"","","",,,"
","CINCINNATI, OH - USA",,,"Normal","False",,,"Normal"
"","Jason","","Scott","","The Elevance Health Companies, Inc.","CarelonRx Analytics and Revenue Management","Staff VP Healthcare Informatic (US)","4361 IRWIN SIMPSON RD",,,"MASON","OH","45040","United States",,,,,,,,,,,,,,,,,,,,,,,,,,"+1 (502) 528-4630",,,,,,,,"AF81786","0/0/00",,,"0/0/00",,,,,"/o=ExchangeLabs/ou=Exchange Administrative Group (FYDIBOHF23SPDLT)/cn=Recipients/cn=b39470af9e584a39adeebb2e6cdbd3c4-AF81786","EX","Jason Scott (Jason.Scott@carelon.com)",,,,,,,"Unspecified",,,,"J.S.",,"","","",,,"
","MASON, OH - USA",,,"Normal","False",,,"Normal"
"","Mike","","Culleiton","","The Elevance Health Companies, Inc.","Health Economics","Mgr Provider Economics (US)","5411 SKY CENTER DR",,,"TAMPA","FL","33607","United States",,,,,,,,,,,,,,,,,"+1 (724) 454-7054",,,,,,,,,"+1 (813) 523-9941",,,,,,,,"AD82892","0/0/00",,,"0/0/00",,,,,"/o=ExchangeLabs/ou=Exchange Administrative Group (FYDIBOHF23SPDLT)/cn=Recipients/cn=7e41753760c44e31b2b8157a39425c59-AD82892","EX","Mike Culleiton (michael.culleiton@elevancehealth.com)",,,,,,,"Unspecified",,,,"M.C.",,"","","",,,"
","TAMPA, FL - USA",,,"Normal","False",,,"Normal"
"","Nicole","","Murray","","The Elevance Health Companies, Inc.","Health Economics","Bus Info Consultant (US)","740 W PEACHTREE ST NW",,,"ATLANTA","GA","30308","United States",,,,,,,,,,,,,,,,,,,,,,,,,,,,,,,,,,"AL10013","0/0/00",,,"0/0/00",,,,,"/o=ExchangeLabs/ou=Exchange Administrative Group (FYDIBOHF23SPDLT)/cn=Recipients/cn=87d1ab54bbfc4993976ef6420863f33f-726472c6-61","EX","Nicole Murray (Nicole.Murray@elevancehealth.com)",,,,,,,"Unspecified",,,,"N.M.",,"","","",,,"
","ATLANTA, GA - USA",,,"Normal","False",,,"Normal"
"","Leah","","Schattenfield","","The Elevance Health Companies, Inc.","Provider Success","Payment Innovation Dir (US)","North Carolina",,,"North Carolina","NC","99999","United States",,,,,,,,,,,,,,,,,,,,,,,,,,"+1 (704) 386-7637",,,,,,,,"AL14641","0/0/00",,,"0/0/00",,,,,"/o=ExchangeLabs/ou=Exchange Administrative Group (FYDIBOHF23SPDLT)/cn=Recipients/cn=be0d17cd133d427aa7a7a813fbde7885-AL14641","EX","Leah Schattenfield (Leah.Schattenfield@elevancehealth.com)",,,,,,,"Unspecified",,,,"L.S.",,"","","",,,"
","North Carolina, NC - USA",,,"Normal","False",,,"Normal"
"","Melissa","","Benson","","The Elevance Health Companies, Inc.","CarelonRx Clinical and Specialty Pharmacy","Clin Prog Dev Manager (US)","100 S 4TH ST",,,"ST. LOUIS","MO","63102","United States",,,,,,,,,,,,,,,,,,,,,,,,,,,,,,,,,,"AI04771","0/0/00",,,"0/0/00",,,,,"/o=ExchangeLabs/ou=Exchange Administrative Group (FYDIBOHF23SPDLT)/cn=Recipients/cn=82d0323d7879488b9ba3323abaf0c828-AI04771","EX","Melissa Benson (Melissa.Benson@carelon.com)",,,,,,,"Unspecified",,,,"M.B.",,"","","",,,"
","ST. LOUIS, MO - USA",,,"Normal","False",,,"Normal"
"","Helene B.","","Coley","","The Elevance Health Companies, Inc.","Health Economics","Staff VP Provider Analytics (US)","Florida",,,"Florida","FL","99999","United States",,,,,,,,,,,,,,,,,,,,,,,,,,"+1 (704) 578-5819",,,,,,,,"AD92412","0/0/00",,,"0/0/00",,,,,"/o=ExchangeLabs/ou=Exchange Administrative Group (FYDIBOHF23SPDLT)/cn=Recipients/cn=74999436b0f546f3b73d197e12115261-AD92412","EX","Helene B. Coley (helene.coley@elevancehealth.com)",,,,,,,"Unspecified",,,,"H.B.C.",,"","","",,,"
","Florida, FL - USA",,,"Normal","False",,,"Normal"
"","Kelly","","Knapp","","The Elevance Health Companies, Inc.","Provider Success","Business Strat Plan Dir (US)","220 VIRGINIA AVE",,,"INDIANAPOLIS","IN","46204","United States",,,,,,,,,,,,,,,,,,,,,,,,,,"+1 (219) 314-8849",,,,,,,,"AF38799","0/0/00",,,"0/0/00",,,,,"/o=ExchangeLabs/ou=Exchange Administrative Group (FYDIBOHF23SPDLT)/cn=Recipients/cn=d4a3ec100e4849328bd3e991c7251519-AF38799","EX","Kelly Knapp (kelly.knapp@elevancehealth.com)",,,,,,,"Unspecified",,,,"K.K.",,"","","",,,"
","INDIANAPOLIS, IN - USA",,,"Normal","False",,,"Normal"
"","Jaclynn","","Pantell","","The Elevance Health Companies, Inc.","National Value Partners","Dir Provider Collaboration Str (US)","233 S WACKER DR",,,"CHICAGO","IL","60606","United States",,,,,,,,,,,,,,,,,,,,,,,,,,"+1 (219) 246-7958",,,,,,,,"AG35599","0/0/00",,,"0/0/00",,,,,"/o=ExchangeLabs/ou=Exchange Administrative Group (FYDIBOHF23SPDLT)/cn=Recipients/cn=dd0e87a6ed0840b99226d53c49e38f79-AG35599","EX","Jaclynn Pantell (Jaclynn.Pantell@anthem.com)",,,,,,,"Unspecified",,,,"J.P.",,"","","",,,"
","CHICAGO, IL - USA",,,"Normal","False",,,"Normal"
"","Hani","","Lugo","","The Elevance Health Companies, Inc.","Provider Success","Strategy & Prog Dev Dir (US)","233 S WACKER DR",,,"CHICAGO","IL","60606","United States",,,,,,,,,,,,,,,,,,,,,,,,,,"+1 (219) 329-6405",,,,,,,,"AF77679","0/0/00",,,"0/0/00",,,,,"/o=ExchangeLabs/ou=Exchange Administrative Group (FYDIBOHF23SPDLT)/cn=Recipients/cn=932af413548e41caa57884abdb37939f-e8d77fe2-f3","EX","Hani Lugo (Hani.Lugo@elevancehealth.com)",,,,,,,"Unspecified",,,,"H.L.",,"","","",,,"
","CHICAGO, IL - USA",,,"Normal","False",,,"Normal"
"","Steve","","Babienco","","The Elevance Health Companies, Inc.","National Value Partners","Program Director (US)","4361 IRWIN SIMPSON RD",,,"MASON","OH","45040","United States",,,,,,,,,,,,,,,,,,,,,,,,,,"+1 (937) 271-4404",,,,,,,,"AF43344","0/0/00",,,"0/0/00",,,,,"/o=ExchangeLabs/ou=Exchange Administrative Group (FYDIBOHF23SPDLT)/cn=Recipients/cn=aacbecb8a01a4ed6ba17cdc7409681c5-AF43344","EX","Steve Babienco (steven.babienco@anthem.com)",,,,,,,"Unspecified",,,,"S.B.",,"","","",,,"
","MASON, OH - USA",,,"Normal","False",,,"Normal"
"","Sue","","Sloop","","The Elevance Health Companies, Inc.","Health Economics","Reporting & Analytics Dir (US)","5650 UNIVERSITY PKWY",,,"WINSTON-SALEM","NC","27105","United States",,,,,,,,,,,,,,,,,,,,,,,,,,"+1 (470) 462-9394",,,,,,,,"AD40702","0/0/00",,,"0/0/00",,,,,"/o=ExchangeLabs/ou=Exchange Administrative Group (FYDIBOHF23SPDLT)/cn=Recipients/cn=8e490eb5ac69418fabf46296a8a4c729-AD40702","EX","Sue Sloop (sue.sloop@elevancehealth.com)",,,,,,,"Unspecified",,,,"S.S.",,"","","",,,"
","WINSTON-SALEM, NC - USA",,,"Normal","False",,,"Normal"
"","Adam","","Cheung","","The Elevance Health Companies, Inc.","Health Economics","Dir Reporting & Data Analysis (US)","21215 BURBANK BLVD",,,"WOODLAND HILLS","CA","91367","United States",,,,,,,,,,,,,,,,,"+1 (818) 234-2813",,,,,,,,,"+1 (818) 234-2813","+1 (818) 234-8934",,,,,,,"AAGP24","0/0/00",,,"0/0/00",,,,,"/o=ExchangeLabs/ou=Exchange Administrative Group (FYDIBOHF23SPDLT)/cn=Recipients/cn=1ffd052c787949768de102d40023ae96-AAGP24","EX","Adam Cheung (adam.cheung@elevancehealth.com)",,,,,,,"Unspecified",,,,"A.C.",,"","","",,,"
","WOODLAND HILLS, CA - USA",,,"Normal","False",,,"Normal"
"","Erin","","Gams","","The Elevance Health Companies, Inc.","Clinical Intelligence Platform","Bus Info Consultant (US)","233 S WACKER DR",,,"CHICAGO","IL","60606","United States",,,,,,,,,,,,,,,,,"+1 (708) 683-7560",,,,,,,,,"+1 (708) 683-7560","(866) 405-0514",,,,,,,"AB42803","0/0/00",,,"0/0/00",,,,,"/o=ExchangeLabs/ou=Exchange Administrative Group (FYDIBOHF23SPDLT)/cn=Recipients/cn=be44250dbc6c4f6fa64c3151e5f227e0-AB42803","EX","Erin Gams (Erin.Gams@carelon.com)",,,,,,,"Unspecified",,,,"E.G.",,"","","",,,"
","CHICAGO, IL - USA",,,"Normal","False",,,"Normal"
"","Dagny","","Aldrich","","The Elevance Health Companies, Inc.","Health Economics","Mgr Reporting & Data Analysis (US)","5800 NORTHAMPTON BLVD",,,"NORFOLK","VA","23502","United States",,,,,,,,,,,,,,,,,,,,,,,,,,"+1 (251) 401-2918",,,,,,,,"AF06911","0/0/00",,,"0/0/00",,,,,"/o=ExchangeLabs/ou=Exchange Administrative Group (FYDIBOHF23SPDLT)/cn=Recipients/cn=eb71e3ee8a20433e8b97991932caff03-AF06911","EX","Dagny Aldrich (dagny.aldrich@elevancehealth.com)",,,,,,,"Unspecified",,,,"D.A.",,"","","",,,"
","NORFOLK, VA - USA",,,"Normal","False",,,"Normal"
"","Brian","","Barringer","","The Elevance Health Companies, Inc.","Payment Innovation","Payment Innovation Dir II (US)","New York",,,"New York","NY","99999","United States",,,,,,,,,,,,,,,,,"+1 (315) 506-3102",,,,,,,,,"+1 (315) 506-3102",,,,,,,,"AH31420","0/0/00",,,"0/0/00",,,,,"/o=ExchangeLabs/ou=Exchange Administrative Group (FYDIBOHF23SPDLT)/cn=Recipients/cn=00ebc54ec05f4232b714eede553b48bd-AH31420","EX","Brian Barringer (brian.barringer@elevancehealth.com)",,,,,,,"Unspecified",,,,"B.B.",,"","","",,,"
","New York, NY - USA",,,"Normal","False",,,"Normal"
"","David S.","","Chiou","","The Elevance Health Companies, Inc.","Clinical Intelligence Platform","Advanced Analytics Consultant (US)","500 UNICORN PARK DR",,,"WOBURN","MA","01801","United States",,,,,,,,,,,,,,,,,,,,,,,,,,"+1 (571) 216-7984",,,,,,,,"AC32076","0/0/00",,,"0/0/00",,,,,"/o=ExchangeLabs/ou=Exchange Administrative Group (FYDIBOHF23SPDLT)/cn=Recipients/cn=1071b567d0d541f1b280c942f049b682-AC32076","EX","David S. Chiou (DavidS.Chiou@carelon.com)",,,,,,,"Unspecified",,,,"D.S.C.",,"","","",,,"
","WOBURN, MA - USA",,,"Normal","False",,,"Normal"
"","Kevin L.","","Bowman","","The Elevance Health Companies, Inc.","MD - GRS Medical Management","Medical Director Clin Programs (US)","7550 TEAGUE RD",,,"HANOVER","MD","21076","United States",,,,,,,,,,,,,,,,,"+1 (443) 812-3154",,,,,,,,,"+1 (443) 862-8363",,,,,,,,"AC31298","0/0/00",,,"0/0/00",,,,,"/o=ExchangeLabs/ou=Exchange Administrative Group (FYDIBOHF23SPDLT)/cn=Recipients/cn=82e632e3bf984938ad4cc11b0e0800b4-5844971e-8f","EX","Kevin L. Bowman (kevin.bowman@elevancehealth.com)",,,,,,,"Unspecified",,,,"K.L.B.",,"","","",,,"
","HANOVER, MD - USA",,,"Normal","False",,,"Normal"
"","Nathan","","Coffey","","The Elevance Health Companies, Inc.","Payment Innovation","Dir Payment Innovation (US)","7550 TEAGUE RD",,,"HANOVER","MD","21076","United States",,,,,,,,,,,,,,,,,,,,,,,,,,,,,,,,,,"AL85077","0/0/00",,,"0/0/00",,,,,"/o=ExchangeLabs/ou=Exchange Administrative Group (FYDIBOHF23SPDLT)/cn=Recipients/cn=e8d840777d1e4b65bd540ef839ff4382-415725b1-bc","EX","Nathan Coffey (Nathan.Coffey@elevancehealth.com)",,,,,,,"Unspecified",,,,"N.C.",,"","","",,,"
","HANOVER, MD - USA",,,"Normal","False",,,"Normal"
"","Jamelia","","Del Valle","","The Elevance Health Companies, Inc.","Payment Innovation","Payment Innovation Dir (US)","Michigan",,,"Michigan","MI","99999","United States",,,,,,,,,,,,,,,,,,,,,,,,,,,,,,,,,,"AH28611","0/0/00",,,"0/0/00",,,,,"/o=ExchangeLabs/ou=Exchange Administrative Group (FYDIBOHF23SPDLT)/cn=Recipients/cn=9f17146fbf8e429a959c304ee2053191-AH28611","EX","Jamelia Del Valle (jamelia.delvalle@elevancehealth.com)",,,,,,,"Unspecified",,,,"J.D.V.",,"","","",,,"
","Michigan, MI - USA",,,"Normal","False",,,"Normal"
"","Anthony","","DeLuna","","The Elevance Health Companies, Inc.","Health Economics, Pop Health Platforms","Solutions Mgmt Manager (US)","3080 BRISTOL ST",,,"COSTA MESA","CA","92626","United States",,,,,,,,,,,,,,,,,,,,,,,,,,"+1 (949) 230-0823",,,,,,,,"AG73473","0/0/00",,,"0/0/00",,,,,"/o=ExchangeLabs/ou=Exchange Administrative Group (FYDIBOHF23SPDLT)/cn=Recipients/cn=0b9028a9896148d394b55d9dc553c583-AG73473","EX","Anthony DeLuna (anthony.deluna@elevancehealth.com)",,,,,,,"Unspecified",,,,"A.D.",,"","","",,,"
","COSTA MESA, CA - USA",,,"Normal","False",,,"Normal"
"","Mimi","","Zhang","","The Elevance Health Companies, Inc.","Payment Innovation","Payment Innovation Dir II (US)","1960 IVY CREEK BLVD",,,"DURHAM","NC","27707","United States",,,,,,,,,,,,,,,,,,,,,,,,,,"+1 (919) 675-0264",,,,,,,,"AH21293","0/0/00",,,"0/0/00",,,,,"/o=ExchangeLabs/ou=Exchange Administrative Group (FYDIBOHF23SPDLT)/cn=Recipients/cn=3888167386ef437bab3dd417f8f2e510-AH21293","EX","Mimi Zhang (mimi.zhang@elevancehealth.com)",,,,,,,"Unspecified",,,,"M.Z.",,"","","",,,"
","DURHAM, NC - USA",,,"Normal","False",,,"Normal"
"","Jenny","","Zhao","","The Elevance Health Companies, Inc.","Health Economics","Bus Info Consultant Sr (US)","6000 LOMBARDO CENTER",,,"SEVEN HILLS","OH","44131","United States",,,,,,,,,,,,,,,,,,,,,,,,,,,,,,,,,,"AF40797","0/0/00",,,"0/0/00",,,,,"/o=ExchangeLabs/ou=Exchange Administrative Group (FYDIBOHF23SPDLT)/cn=Recipients/cn=325ac3a92b66447faae49e81433db809-AF40797","EX","Jenny Zhao (qian.zhao@elevancehealth.com)",,,,,,,"Unspecified",,,,"J.Z.",,"","","",,,"
","SEVEN HILLS, OH - USA",,,"Normal","False",,,"Normal"
"","Joseph","","Gaul","","The Elevance Health Companies, Inc.","Risk Platforms - HB","Business Strat Plan Dir (US)","108 LEIGUS RD",,,"WALLINGFORD","CT","06492","United States",,,,,,,,,,,,,,,,,,,,,,,,,,"+1 (412) 616-7335",,,,,,,,"AF49461","0/0/00",,,"0/0/00",,,,,"/o=ExchangeLabs/ou=Exchange Administrative Group (FYDIBOHF23SPDLT)/cn=Recipients/cn=b145837e06f54d3695e924fec9dd6abb-AF49461","EX","Joseph Gaul (Joseph.Gaul@carelon.com)",,,,,,,"Unspecified",,,,"J.G.",,"","","",,,"
","WALLINGFORD, CT - USA",,,"Normal","False",,,"Normal"
"","Patricia S.","","Scott","","The Elevance Health Companies, Inc.","Risk Platforms - HB","Process Improvement Dir (US)","8940 LYRA DR",,,"COLUMBUS","OH","43240","United States",,,,,,,,,,,,,,,,,"+1 (614) 365-1132",,,,,,,,,"+1 (614) 365-1132",,,,,,,,"AA17046","0/0/00",,,"0/0/00",,,,,"/o=ExchangeLabs/ou=Exchange Administrative Group (FYDIBOHF23SPDLT)/cn=Recipients/cn=63821146e70d4140bd5d708f342cddc6-AA17046","EX","Patricia S. Scott (PatriciaS.Scott@carelon.com)",,,,,,,"Unspecified",,,,"P.S.S.",,"","","",,,"
","COLUMBUS, OH - USA",,,"Normal","False",,,"Normal"
"","Jean","","Spendlove","","The Elevance Health Companies, Inc.","Risk Platforms - HB","Solutions Mgmt Manager (US)","700 BROADWAY",,,"DENVER","CO","80203","United States",,,,,,,,,,,,,,,,,,,,,,,,,,"+1 (385) 282-8883",,,,,,,,"AF48290","0/0/00",,,"0/0/00",,,,,"/o=ExchangeLabs/ou=Exchange Administrative Group (FYDIBOHF23SPDLT)/cn=Recipients/cn=e93410f0fb2740ee87e0eb1d73fc9b9d-AF48290","EX","Jean Spendlove (Jean.Spendlove@carelon.com)",,,,,,,"Unspecified",,,,"J.S.",,"","","",,,"
","DENVER, CO - USA",,,"Normal","False",,,"Normal"
"","Jeromy","","Turner","","The Elevance Health Companies, Inc.","Health Economics","Dir II Provider Economics (US)","N17W24222 Riverwood Dr.",,,"Waukesha","WI","53188","United States",,,,,,,,,,,,,,,,,"+1 (224) 563-5337",,,,,,,,,"+1 (224) 563-5337",,,,,,,,"AF47512","0/0/00",,,"0/0/00",,,,,"/o=ExchangeLabs/ou=Exchange Administrative Group (FYDIBOHF23SPDLT)/cn=Recipients/cn=d238ea7e375f4660a30129742c5207c0-AF47512","EX","Jeromy Turner (jeromy.turner@elevancehealth.com)",,,,,,,"Unspecified",,,,"J.T.",,"","","",,,"
","Waukesha, WI - USA",,,"Normal","False",,,"Normal"
"","Alison","","Leifert","","The Elevance Health Companies, Inc.","Payment Innovation","Payment Innovation Dir II (US)","700 BROADWAY",,,"DENVER","CO","80203","United States",,,,,,,,,,,,,,,,,,,,,,,,,,"+1 (303) 548-7104",,,,,,,,"AF04900","0/0/00",,,"0/0/00",,,,,"/o=ExchangeLabs/ou=Exchange Administrative Group (FYDIBOHF23SPDLT)/cn=Recipients/cn=84349e79483a480b9d1352041bbab53b-AF04900","EX","Alison Leifert (alison.leifert@elevancehealth.com)",,,,,,,"Unspecified",,,,"A.L.",,"","","",,,"
","DENVER, CO - USA",,,"Normal","False",,,"Normal"
"","John","","Dodge","","The Elevance Health Companies, Inc.","Clinical Intelligence Platform","Advanced Analytics Consultant (US)","2505 N HWY 360",,,"GRAND PRAIRIE","TX","75050","United States",,,,,,,,,,,,,,,,,,,,,,,,,,,,,,,,,,"AH21586","0/0/00",,,"0/0/00",,,,,"/o=ExchangeLabs/ou=Exchange Administrative Group (FYDIBOHF23SPDLT)/cn=Recipients/cn=016cb263426c4c25ac7de8441a8d6ff2-AH21586","EX","John Dodge (John.Dodge@carelon.com)",,,,,,,"Unspecified",,,,"J.D.",,"","","",,,"
","GRAND PRAIRIE, TX - USA",,,"Normal","False",,,"Normal"
"","Heather","","Laffin","","The Elevance Health Companies, Inc.","Payment Innovation","Payment Innovation Dir II (US)","108 LEIGUS RD",,,"WALLINGFORD","CT","06492","United States",,,,,,,,,,,,,,,,,"+1 (203) 695-8818",,,,,,,,,"+1 (203) 695-8818",,,,,,,,"AD77788","0/0/00",,,"0/0/00",,,,,"/o=ExchangeLabs/ou=Exchange Administrative Group (FYDIBOHF23SPDLT)/cn=Recipients/cn=970b0a019a844c61b99dc46c3ebb9a23-AD77788","EX","Heather Laffin (heather.laffin@elevancehealth.com)",,,,,,,"Unspecified",,,,"H.L.",,"","","",,,"
","WALLINGFORD, CT - USA",,,"Normal","False",,,"Normal"
"","Shaily","","Trivedi","","The Elevance Health Companies, Inc.","CarelonRx Analytics and Revenue Management","Mgr Reporting & Data Analysis (US)","21215 BURBANK BLVD",,,"WOODLAND HILLS","CA","91367","United States",,,,,,,,,,,,,,,,,"+1 (805) 529-4648",,,,,,,,,"+1 (805) 529-4648",,,,,,,,"AA30184","0/0/00",,,"0/0/00",,,,,"/o=ExchangeLabs/ou=Exchange Administrative Group (FYDIBOHF23SPDLT)/cn=Recipients/cn=43ac61cf69df4de9b2e60c159d2d8d4f-AA30184","EX","Shaily Trivedi (shaily.trivedi@carelon.com)",,,,,,,"Unspecified",,,,"S.T.",,"","","",,,"
","WOODLAND HILLS, CA - USA",,,"Normal","False",,,"Normal"
"","Hegi","","Jazayeri","","The Elevance Health Companies, Inc.","CarelonRx Analytics and Revenue Management","Business Consultant Sr (US)","21215 BURBANK BLVD",,,"WOODLAND HILLS","CA","91367","United States",,,,,,,,,,,,,,,,,"+1 (805) 557-6904",,,,,,,,,"+1 (805) 557-6904","+1 (805) 496-0108",,,,,,,"ZHSPVMD","0/0/00",,,"0/0/00",,,,,"/o=ExchangeLabs/ou=Exchange Administrative Group (FYDIBOHF23SPDLT)/cn=Recipients/cn=17bd0b144fee45c39e69de4946d3d816-ZHSPVMD","EX","Hegi Jazayeri (Hegi.Jazayeri@carelon.com)",,,,,,,"Unspecified",,,,"H.J.",,"","","",,,"
","WOODLAND HILLS, CA - USA",,,"Normal","False",,,"Normal"
"","Lily","","Ansari","","The Elevance Health Companies, Inc.","CarelonRx Analytics and Revenue Management","Staff VP Data Analytics (US)","705 5TH AVE S",,,"SEATTLE","WA","98104","United States",,,,,,,,,,,,,,,,,"+1 (513) 260-8606",,,,,,,,,"+1 (513) 260-8606",,,,,,,,"ANSARYN","0/0/00",,,"0/0/00",,,,,"/o=ExchangeLabs/ou=Exchange Administrative Group (FYDIBOHF23SPDLT)/cn=Recipients/cn=4ef48c8ef3ea4e3a806f265eef21f6ba-ANSARYN","EX","Lily Ansari (Lily.Ansari@carelon.com)",,,,,,,"Unspecified",,,,"L.A.",,"","","",,,"
","SEATTLE, WA - USA",,,"Normal","False",,,"Normal"
"","Richa","","Dubey","","The Elevance Health Companies, Inc.","AHD Business Other","Project Director (US)","2505 N HWY 360",,,"GRAND PRAIRIE","TX","75050","United States",,,,,,,,,,,,,,,,,,,,,,,,,,,,,,,,,,"AL42900","0/0/00",,,"0/0/00",,,,,"/o=ExchangeLabs/ou=Exchange Administrative Group (FYDIBOHF23SPDLT)/cn=Recipients/cn=1c3bfded12734e9dbdb0d82ebc415ba0-4708fddb-92","EX","Richa Dubey (Richa.Dubey@elevancehealth.com)",,,,,,,"Unspecified",,,,"R.D.",,"","","",,,"
","GRAND PRAIRIE, TX - USA",,,"Normal","False",,,"Normal"
"","Leakey O.","","Omedo","","The Elevance Health Companies, Inc.","CarelonRx Analytics and Revenue Management","Bus Info Developer Consultant (US)","8940 LYRA DR",,,"COLUMBUS","OH","43240","United States",,,,,,,,,,,,,,,,,"+1 (614) 704-6423",,,,,,,,,"+1 (614) 704-6423",,,,,,,,"AD57932","0/0/00",,,"0/0/00",,,,,"/o=ExchangeLabs/ou=Exchange Administrative Group (FYDIBOHF23SPDLT)/cn=Recipients/cn=43e547aaded04cfab3b152d29df80198-AD57932","EX","Leakey O. Omedo (LeakeyO.Omedo@carelon.com)",,,,,,,"Unspecified",,,,"L.O.O.",,"","","",,,"
","COLUMBUS, OH - USA",,,"Normal","False",,,"Normal"
"","Christopher","","Titzer","","The Elevance Health Companies, Inc.","EDA- Provider, Employer and Financial Analytic Solutions","Mgr II Engineering (US)","4361 IRWIN SIMPSON RD",,,"MASON","OH","45040","United States",,,,,,,,,,,,,,,,,,,,,,,,,,"+1 (513) 508-7144",,,,,,,,"AG02676","0/0/00",,,"0/0/00",,,,,"/o=ExchangeLabs/ou=Exchange Administrative Group (FYDIBOHF23SPDLT)/cn=Recipients/cn=1d8e6190fefe4b36b29d222840799bea-AG02676","EX","Christopher Titzer (christopher.titzer@elevancehealth.com)",,,,,,,"Unspecified",,,,"C.T.",,"","","",,,"
","MASON, OH - USA",,,"Normal","False",,,"Normal"
"","Prajith","","Veedu","","The Elevance Health Companies, Inc.","EDA- Provider, Employer and Financial Analytic Solutions","Enterprise Architect Principal (US)","4361 IRWIN SIMPSON RD",,,"MASON","OH","45040","United States",,,,,,,,,,,,,,,,,"+1 (513) 336-2562",,,,,,,,,"+1 (201) 618-8736",,,,,,,,"AD11124","0/0/00",,,"0/0/00",,,,,"/o=ExchangeLabs/ou=Exchange Administrative Group (FYDIBOHF23SPDLT)/cn=Recipients/cn=363bdb20885e4d3dae725eeaeb9c28fa-AD11124","EX","Prajith Veedu (prajith.veedu@elevancehealth.com)",,,,,,,"Unspecified",,,,"P.V.",,"","","",,,"
","MASON, OH - USA",,,"Normal","False",,,"Normal"
"","Jasmin","","Fitzgerald","","The Elevance Health Companies, Inc.","CarelonRx Clinical and Specialty Pharmacy","Pharmacy Tech II (US)","100 S 4TH ST",,,"ST. LOUIS","MO","63102","United States",,,,,,,,,,,,,,,,,,,,,,,,,,,,,,,,,,"AM02329","0/0/00",,,"0/0/00",,,,,"/o=ExchangeLabs/ou=Exchange Administrative Group (FYDIBOHF23SPDLT)/cn=Recipients/cn=9c59029d64ae40de857684a88058a690-8ae03ccb-98","EX","Jasmin Fitzgerald (jasmin.fitzgerald@carelon.com)",,,,,,,"Unspecified",,,,"J.F.",,"","","",,,"
","ST. LOUIS, MO - USA",,,"Normal","False",,,"Normal"
"","Lyndal","","Lovelace","","The Elevance Health Companies, Inc.","CarelonRx CIO","Tech Program Director (US)","100 S 4TH ST",,,"ST. LOUIS","MO","63102","United States",,,,,,,,,,,,,,,,,,,,,,,,,,"+1 (636) 698-4672",,,,,,,,"AL53122","0/0/00",,,"0/0/00",,,,,"/o=ExchangeLabs/ou=Exchange Administrative Group (FYDIBOHF23SPDLT)/cn=Recipients/cn=8126ba9f2e0e4119ac08071033600a5b-f782446e-83","EX","Lyndal Lovelace (Lyndal.Lovelace@elevancehealth.com)",,,,,,,"Unspecified",,,,"L.L.",,"","","",,,"
","ST. LOUIS, MO - USA",,,"Normal","False",,,"Normal"
"","Vishal","","Kumar","","The Elevance Health Companies, Inc.","EDA- Provider, Employer and Financial Analytic Solutions","IT Quality Control Sr Advisor (US)","705 5TH AVE S",,,"SEATTLE","WA","98104","United States",,,,,,,,,,,,,,,,,,,,,,,,,,,,,,,,,,"AC83728","0/0/00",,,"0/0/00",,,,,"/o=ExchangeLabs/ou=Exchange Administrative Group (FYDIBOHF23SPDLT)/cn=Recipients/cn=f6b11d9ad4e34916937747cfb9212659-AC83728","EX","Vishal Kumar (vishal.kumar@elevancehealth.com)",,,,,,,"Unspecified",,,,"V.K.",,"","","",,,"
","SEATTLE, WA - USA",,,"Normal","False",,,"Normal"
"","Swathi","","Pentakota","","Carelon Global Solutions India LLP","iRx infrastructure Ops Supp","Asst Project Manager I (IND)","Floors 9 - 12, Tower H09, Phoenix Avance Business Hub",,,"Hyderabad","TS","500081","India",,,,,,,,,,,,,,,,,,,,,,,,,,,,,,,,,,"AG93824","0/0/00",,,"0/0/00",,,,,"/o=ExchangeLabs/ou=Exchange Administrative Group (FYDIBOHF23SPDLT)/cn=Recipients/cn=4b05c55894184a11b06dbf2b2e46035f-AG93824","EX","Swathi Pentakota (Swathi.Pentakota@carelon.com)",,,,,,,"Unspecified",,,,"S.P.",,"","","",,,"
","Hyderabad, TS - IND",,,"Normal","False",,,"Normal"
"","Latha","","Nair","","The Elevance Health Companies, Inc.","Risk Platforms - HB","Payment Innovation Dir (US)","2505 N HWY 360",,,"GRAND PRAIRIE","TX","75050","United States",,,,,,,,,,,,,,,,,,,,,,,,,,"+1 (281) 948-9790",,,,,,,,"AF04103","0/0/00",,,"0/0/00",,,,,"/o=ExchangeLabs/ou=Exchange Administrative Group (FYDIBOHF23SPDLT)/cn=Recipients/cn=d3c45bd67e2041e0836cda8cbaa37bf7-AF04103","EX","Latha Nair (Latha.Nair@carelon.com)",,,,,,,"Unspecified",,,,"L.N.",,"","","",,,"
","GRAND PRAIRIE, TX - USA",,,"Normal","False",,,"Normal"
"","Jeff","","White","","The Elevance Health Companies, Inc.","CarelonRx Clinical Pharmacy Services","Staff VP Clinical Pharm Svcs (US)","3080 BRISTOL ST",,,"COSTA MESA","CA","92626","United States",,,,,,,,,,,,,,,,,"+1 (714) 429-2734",,,,,,,,,"+1 (714) 429-2734",,,,,,,,"AA78867","0/0/00",,,"0/0/00",,,,,"/o=ExchangeLabs/ou=Exchange Administrative Group (FYDIBOHF23SPDLT)/cn=Recipients/cn=96ae70f11f414520a1031e94ccd63c04-AA78867","EX","Jeff White (jeff.white@carelon.com)",,,,,,,"Unspecified",,,,"J.W.",,"","","",,,"
","COSTA MESA, CA - USA",,,"Normal","False",,,"Normal"
"","Stephanie","","Yu","","The Elevance Health Companies, Inc.","CarelonRx Clinical Pharmacy Services","Pharmacist Clinical Sr CA (US)","21215 BURBANK BLVD",,,"WOODLAND HILLS","CA","91367","United States",,,,,,,,,,,,,,,,,,,,,,,,,,"+1 (626) 200-8649",,,,,,,,"AF35017","0/0/00",,,"0/0/00",,,,,"/o=ExchangeLabs/ou=Exchange Administrative Group (FYDIBOHF23SPDLT)/cn=Recipients/cn=de1d9ddb9da043998cade09af0adfb02-AF35017","EX","Stephanie Yu (Stephanie.Yu@carelon.com)",,,,,,,"Unspecified",,,,"S.Y.",,"","","",,,"
","WOODLAND HILLS, CA - USA",,,"Normal","False",,,"Normal"
"","Kyle","","Oda","","The Elevance Health Companies, Inc.","CarelonRx Clinical Pharmacy Services","Business Analyst II (US)","3080 BRISTOL ST",,,"COSTA MESA","CA","92626","United States",,,,,,,,,,,,,,,,,,,,,,,,,,,,,,,,,,"AF44141","0/0/00",,,"0/0/00",,,,,"/o=ExchangeLabs/ou=Exchange Administrative Group (FYDIBOHF23SPDLT)/cn=Recipients/cn=128686fe1d10427bb8bc396e73b72c13-AF44141","EX","Kyle Oda (Kyle.Oda@carelon.com)",,,,,,,"Unspecified",,,,"K.O.",,"","","",,,"
","COSTA MESA, CA - USA",,,"Normal","False",,,"Normal"
"","Lisa","","Morris","","The Elevance Health Companies, Inc.","CarelonRx President","VP Chief Clinical & Ops Officer PBM (US)","4361 IRWIN SIMPSON RD",,,"MASON","OH","45040","United States",,,,,,,,,,,,,,,,,,,,,,,,,,"+1 (513) 515-8565","+1 (513) 336-5802",,,,,,,"mossls","0/0/00",,,"0/0/00",,,,,"/o=ExchangeLabs/ou=Exchange Administrative Group (FYDIBOHF23SPDLT)/cn=Recipients/cn=2d1d75aac14742b1be5e03d728b446cf-MOSSLS","EX","Lisa Morris (Lisa.Morris@carelon.com)",,,,,,,"Unspecified",,,,"L.M.",,"","","",,,"
","MASON, OH - USA",,,"Normal","False",,,"Normal"
"","Lisa","","Vicory","","The Elevance Health Companies, Inc.","CarelonRx Clinical and Specialty Pharmacy","Staff VP Clinical & Spec Pharm (US)","Minnesota",,,"Minnesota","MN","99999","United States",,,,,,,,,,,,,,,,,"+1 (937) 414-9620",,,,,,,,,"+1 (937) 414-9620",,,,,,,,"vicorls","0/0/00",,,"0/0/00",,,,,"/o=ExchangeLabs/ou=Exchange Administrative Group (FYDIBOHF23SPDLT)/cn=Recipients/cn=627c5e872f1a4244ac342c517ab440b9-VICORLS","EX","Lisa Vicory (Lisa.Vicory@carelon.com)",,,,,,,"Unspecified",,,,"L.V.",,"","","",,,"
","Minnesota, MN - USA",,,"Normal","False",,,"Normal"
"","Vicki","","Fisher","","The Elevance Health Companies, Inc.","CarelonRx Drug Evaluation and Clinical Analytics","Dir Clin Analytic Strategies (US)","North Carolina",,,"North Carolina","NC","99999","United States",,,,,,,,,,,,,,,,,"+1 (910) 366-1089",,,,,,,,,"+1 (910) 366-1089","(910) 725-1041",,,,,,,"ZHSPVC5","0/0/00",,,"0/0/00",,,,,"/o=ExchangeLabs/ou=Exchange Administrative Group (FYDIBOHF23SPDLT)/cn=Recipients/cn=1b452897a15b442dbb044acd28dd4738-ZHSPVC5","EX","Vicki Fisher (Vicki.Fisher@carelon.com)",,,,,,,"Unspecified",,,,"V.F.",,"","","",,,"
","North Carolina, NC - USA",,,"Normal","False",,,"Normal"
"","Foram","","Mehta","","The Elevance Health Companies, Inc.","CarelonRx Clinical and Specialty Pharmacy","Staff VP & GM Clinical Pharm Strat (US)","111 WOOD AVE S",,,"ISELIN","NJ","08830","United States",,,,,,,,,,,,,,,,,,,,,,,,,,"+1 (201) 273-0422",,,,,,,,"AG38452","0/0/00",,,"0/0/00",,,,,"/o=ExchangeLabs/ou=Exchange Administrative Group (FYDIBOHF23SPDLT)/cn=Recipients/cn=e059712c6cad4d59ab5ead5ecc5f6f45-AG38452","EX","Foram Mehta (Foram.Mehta@carelon.com)",,,,,,,"Unspecified",,,,"F.M.",,"","","",,,"
","ISELIN, NJ - USA",,,"Normal","False",,,"Normal"
"","Joseph","","Kramer","","The Elevance Health Companies, Inc.","CarelonRx Clinical Pharmacy Services","Dir Pharmacy UM (US)","3075 VANDERCAR WAY",,,"CINCINNATI","OH","45209","United States",,,,,,,,,,,,,,,,,"+1 (513) 442-9810",,,,,,,,,"+1 (513) 442-9810",,,,,,,,"AA78964","0/0/00",,,"0/0/00",,,,,"/o=ExchangeLabs/ou=Exchange Administrative Group (FYDIBOHF23SPDLT)/cn=Recipients/cn=17d11f0b1b62408d92b3b8452c7d44e3-AA78964","EX","Joseph Kramer (Joseph.Kramer@carelon.com)",,,,,,,"Unspecified",,,,"J.K.",,"","","",,,"
","CINCINNATI, OH - USA",,,"Normal","False",,,"Normal"
"","Jacob","","Abarca","","The Elevance Health Companies, Inc.","CarelonRx Clinical Pharmacy Services","Value Assessment Committee Dir (US)","Arizona",,,"Arizona","AZ","99999","United States",,,,,,,,,,,,,,,,,"+1 (520) 904-3184",,,,,,,,,"+1 (520) 904-3184",,,,,,,,"AA78831","0/0/00",,,"0/0/00",,,,,"/o=ExchangeLabs/ou=Exchange Administrative Group (FYDIBOHF23SPDLT)/cn=Recipients/cn=58a0f22625014990b5b201f979c956a8-AA78831","EX","Jacob Abarca (Jacob.Abarca@carelon.com)",,,,,,,"Unspecified",,,,"J.A.",,"","","",,,"
","Arizona, AZ - USA",,,"Normal","False",,,"Normal"
"","Michelle","","Rogers","","The Elevance Health Companies, Inc.","CarelonRx Clinical and Specialty Pharmacy","Pharmacist Clinical (US)","4361 IRWIN SIMPSON RD",,,"MASON","OH","45040","United States",,,,,,,,,,,,,,,,,,,,,,,,,,"+1 (859) 653-5726",,,,,,,,"AM29592","0/0/00",,,"0/0/00",,,,,"/o=ExchangeLabs/ou=Exchange Administrative Group (FYDIBOHF23SPDLT)/cn=Recipients/cn=0a00c71757074dbdbc8779fb484c39d3-c3a91753-e2","EX","Michelle Rogers (Michelle.Rogers@carelon.com)",,,,,,,"Unspecified",,,,"M.R.",,"","","",,,"
","MASON, OH - USA",,,"Normal","False",,,"Normal"
"","Alex","","Bolorchi","","The Elevance Health Companies, Inc.","CarelonRx Clinical and Specialty Pharmacy","Staff VP Clinical Pharm Svcs (US)","3080 BRISTOL ST",,,"COSTA MESA","CA","92626","United States",,,,,,,,,,,,,,,,,"+1 (949) 606-4296",,,,,,,,,"+1 (949) 606-4296",,,,,,,,"AD34997","0/0/00",,,"0/0/00",,,,,"/o=ExchangeLabs/ou=Exchange Administrative Group (FYDIBOHF23SPDLT)/cn=Recipients/cn=99cd1ae6349d4f7d964a53c1e7b7b6be-AD34997","EX","Alex Bolorchi (Alex.Bolorchi@carelon.com)",,,,,,,"Unspecified",,,,"A.B.",,"","","",,,"
","COSTA MESA, CA - USA",,,"Normal","False",,,"Normal"
"","Rena","","Tumu","","The Elevance Health Companies, Inc.","CarelonRx Clinical Pharmacy Managers and Directors","Dir Pharmacy Account (US)","4361 IRWIN SIMPSON RD",,,"MASON","OH","45040","United States",,,,,,,,,,,,,,,,,"+1 (201) 273-1477",,,,,,,,,"+1 (201) 273-1477",,,,,,,,"AD38011","0/0/00",,,"0/0/00",,,,,"/o=ExchangeLabs/ou=Exchange Administrative Group (FYDIBOHF23SPDLT)/cn=Recipients/cn=dcc2c26558ff4731bc9303388897575d-AD38011","EX","Rena Tumu (Rena.Tumu@carelon.com)",,,,,,,"Unspecified",,,,"R.T.",,"","","",,,"
","MASON, OH - USA",,,"Normal","False",,,"Normal"
"","Cory","","Mauger","","The Elevance Health Companies, Inc.","CarelonRx Clinical Pharmacy Managers and Directors","Pharmacist Program Mgr (US)","Wisconsin",,,"Wisconsin","WI","99999","United States",,,,,,,,,,,,,,,,,"+1 (262) 212-7663",,,,,,,,,"+1 (262) 212-7663","+1 (262) 955-2824",,,,,,,"AA01193","0/0/00",,,"0/0/00",,,,,"/o=ExchangeLabs/ou=Exchange Administrative Group (FYDIBOHF23SPDLT)/cn=Recipients/cn=1286c7993ca64094b6e2d433f1ebc5a9-AA01193","EX","Cory Mauger (Cory.Mauger@carelon.com)",,,,,,,"Unspecified",,,,"C.M.",,"","","",,,"
","Wisconsin, WI - USA",,,"Normal","False",,,"Normal"
"","Kurt","","Mittelstadt","","The Elevance Health Companies, Inc.","CarelonRx Clinical Pharmacy Managers and Directors","Pharmacy Account Dir (US)","Utah",,,"Utah","UT","99999","United States",,,,,,,,,,,,,,,,,,,,,,,,,,"+1 (385) 258-0398",,,,,,,,"AL37579","0/0/00",,,"0/0/00",,,,,"/o=ExchangeLabs/ou=Exchange Administrative Group (FYDIBOHF23SPDLT)/cn=Recipients/cn=a9a0676cce3b4d84bdedaf539e2789b0-8bb72680-86","EX","Kurt Mittelstadt (kurt.mittelstadt@carelon.com)",,,,,,,"Unspecified",,,,"K.M.",,"","","",,,"
","Utah, UT - USA",,,"Normal","False",,,"Normal"
"","Molly","","Bruvold","","The Elevance Health Companies, Inc.","CarelonRx Clinical Pharmacy Services","Pharmacist Clinical (US)","700 BROADWAY",,,"DENVER","CO","80203","United States",,,,,,,,,,,,,,,,,,,,,,,,,,,,,,,,,,"AM66972","0/0/00",,,"0/0/00",,,,,"/o=ExchangeLabs/ou=Exchange Administrative Group (FYDIBOHF23SPDLT)/cn=Recipients/cn=37d4d3d88e9f471e8e1b1d7f1536b8ac-1e9df93a-b7","EX","Molly Bruvold (Molly.Bruvold@carelon.com)",,,,,,,"Unspecified",,,,"M.B.",,"","","",,,"
","DENVER, CO - USA",,,"Normal","False",,,"Normal"
"","Tracy","","Cleary","","The Elevance Health Companies, Inc.","CarelonRx Clinical Pharmacy Services","Pharmacist Clinical (US)","3075 VANDERCAR WAY",,,"CINCINNATI","OH","45209","United States",,,,,,,,,,,,,,,,,,,,,,,,,,,,,,,,,,"AM58669","0/0/00",,,"0/0/00",,,,,"/o=ExchangeLabs/ou=Exchange Administrative Group (FYDIBOHF23SPDLT)/cn=Recipients/cn=9a2746ade12c4ecda1b8fe109bd54d3e-da2d839f-63","EX","Tracy Cleary (Tracy.Cleary@carelon.com)",,,,,,,"Unspecified",,,,"T.C.",,"","","",,,"
","CINCINNATI, OH - USA",,,"Normal","False",,,"Normal"
"","Ree","","Hall","","The Elevance Health Companies, Inc.","CarelonRx Clinical and Specialty Pharmacy","Pharmacist Clinical (US)","740 W PEACHTREE ST NW",,,"ATLANTA","GA","30308","United States",,,,,,,,,,,,,,,,,,,,,,,,,,,,,,,,,,"AM39591","0/0/00",,,"0/0/00",,,,,"/o=ExchangeLabs/ou=Exchange Administrative Group (FYDIBOHF23SPDLT)/cn=Recipients/cn=d2962603c1004973baf810ad8838aada-5216b307-dc","EX","Ree Hall (Ree.Hall@carelon.com)",,,,,,,"Unspecified",,,,"R.H.",,"","","",,,"
","ATLANTA, GA - USA",,,"Normal","False",,,"Normal"
"","Ethan","","Hanson","","The Elevance Health Companies, Inc.","CarelonRx Clinical and Specialty Pharmacy","Pharmacist Clinical (US)","233 S WACKER DR",,,"CHICAGO","IL","60606","United States",,,,,,,,,,,,,,,,,,,,,,,,,,,,,,,,,,"AM03959","0/0/00",,,"0/0/00",,,,,"/o=ExchangeLabs/ou=Exchange Administrative Group (FYDIBOHF23SPDLT)/cn=Recipients/cn=7755c6142e2340a098e3f5aa07a216ec-a7273ea2-2c","EX","Ethan Hanson (ethan.hanson@carelon.com)",,,,,,,"Unspecified",,,,"E.H.",,"","","",,,"
","CHICAGO, IL - USA",,,"Normal","False",,,"Normal"
"","Eunique","","Lane","","The Elevance Health Companies, Inc.","CarelonRx Clinical Pharmacy Services","Pharmacist Clinical (US)","11430 NW 20TH ST",,,"MIAMI","FL","33172","United States",,,,,,,,,,,,,,,,,,,,,,,,,,,,,,,,,,"AM49698","0/0/00",,,"0/0/00",,,,,"/o=ExchangeLabs/ou=Exchange Administrative Group (FYDIBOHF23SPDLT)/cn=Recipients/cn=1e1ff1fc1c9c4baba9b8eafcdf8cda75-7c402eaf-cb","EX","Eunique Lane (Eunique.Lane@carelon.com)",,,,,,,"Unspecified",,,,"E.L.",,"","","",,,"
","MIAMI, FL - USA",,,"Normal","False",,,"Normal"
"","Lindsay","","Lanz","","The Elevance Health Companies, Inc.","CarelonRx Clinical and Specialty Pharmacy","Pharmacist Clinical (US)","1285 NORTHLAND DR",,,"MENDOTA HEIGHTS","MN","55120","United States",,,,,,,,,,,,,,,,,,,,,,,,,,,,,,,,,,"AL29433","0/0/00",,,"0/0/00",,,,,"/o=ExchangeLabs/ou=Exchange Administrative Group (FYDIBOHF23SPDLT)/cn=Recipients/cn=17ed070b2e064247bf1cf4fba6f7127f-5f0cb419-75","EX","Lindsay Lanz (Lindsay.Lanz@carelon.com)",,,,,,,"Unspecified",,,,"L.L.",,"","","",,,"
","MENDOTA HEIGHTS, MN - USA",,,"Normal","False",,,"Normal"
"","Nicky","","Lewis","","The Elevance Health Companies, Inc.","CarelonRx Clinical and Specialty Pharmacy","Pharmacist Clinical (US)","740 W PEACHTREE ST NW",,,"ATLANTA","GA","30308","United States",,,,,,,,,,,,,,,,,,,,,,,,,,,,,,,,,,"AM38832","0/0/00",,,"0/0/00",,,,,"/o=ExchangeLabs/ou=Exchange Administrative Group (FYDIBOHF23SPDLT)/cn=Recipients/cn=4cccc0123daf4225bd4f35687558be2f-17e74806-de","EX","Nicky Lewis (nicole.lewis@carelon.com)",,,,,,,"Unspecified",,,,"N.L.",,"","","",,,"
","ATLANTA, GA - USA",,,"Normal","False",,,"Normal"
"","Kiana","","Mullins","","The Elevance Health Companies, Inc.","CarelonRx Clinical Pharmacy Services","Pharmacist Clinical (US)","3075 VANDERCAR WAY",,,"CINCINNATI","OH","45209","United States",,,,,,,,,,,,,,,,,,,,,,,,,,,,,,,,,,"AM58773","0/0/00",,,"0/0/00",,,,,"/o=ExchangeLabs/ou=Exchange Administrative Group (FYDIBOHF23SPDLT)/cn=Recipients/cn=a66e1991194c4941a07e59c878f1a823-eeec786b-13","EX","Kiana Mullins (Kiana.Mullins@carelon.com)",,,,,,,"Unspecified",,,,"K.M.",,"","","",,,"
","CINCINNATI, OH - USA",,,"Normal","False",,,"Normal"
"","Heather","","Pearson","","The Elevance Health Companies, Inc.","CarelonRx Clinical Pharmacy Services","Pharmacist Clinical (US)","700 BROADWAY",,,"DENVER","CO","80203","United States",,,,,,,,,,,,,,,,,,,,,,,,,,,,,,,,,,"AM67623","0/0/00",,,"0/0/00",,,,,"/o=ExchangeLabs/ou=Exchange Administrative Group (FYDIBOHF23SPDLT)/cn=Recipients/cn=98b9de567aa94bc99830582bf6b1cf61-a5a82240-11","EX","Heather Pearson (Heather.Pearson@carelon.com)",,,,,,,"Unspecified",,,,"H.P.",,"","","",,,"
","DENVER, CO - USA",,,"Normal","False",,,"Normal"
"","Ashley S.","","Randall","","The Elevance Health Companies, Inc.","CarelonRx Clinical and Specialty Pharmacy","Pharmacist Clinical (US)","5800 NORTHAMPTON BLVD",,,"NORFOLK","VA","23502","United States",,,,,,,,,,,,,,,,,"+1 (757) 473-2737",,,,,,,,,"+1 (757) 473-2737",,,,,,,,"ac85692","0/0/00",,,"0/0/00",,,,,"/o=ExchangeLabs/ou=Exchange Administrative Group (FYDIBOHF23SPDLT)/cn=Recipients/cn=56ccdd4265d5491cae03c3916d2abca6-1b7b5563-62","EX","Ashley S. Randall (Ashley.Randall@carelon.com)",,,,,,,"Unspecified",,,,"A.S.R.",,"","","",,,"
","NORFOLK, VA - USA",,,"Normal","False",,,"Normal"
"","Catherine","","Unger","","The Elevance Health Companies, Inc.","CarelonRx Clinical and Specialty Pharmacy","Pharmacist Clinical (US)","Florida",,,"Florida","FL","99999","United States",,,,,,,,,,,,,,,,,,,,,,,,,,"+1 (727) 247-7502",,,,,,,,"AM38632","0/0/00",,,"0/0/00",,,,,"/o=ExchangeLabs/ou=Exchange Administrative Group (FYDIBOHF23SPDLT)/cn=Recipients/cn=f93f8fa812a344d9906503e583921e2f-bb4e2816-14","EX","Catherine Unger (Catherine.Unger@carelon.com)",,,,,,,"Unspecified",,,,"C.U.",,"","","",,,"
","Florida, FL - USA",,,"Normal","False",,,"Normal"
"","Meredith","","Diamond","","The Elevance Health Companies, Inc.","CarelonRx SAM GB Medicaid","Pharmacy Account Dir (US)","5411 SKY CENTER DR",,,"TAMPA","FL","33607","United States",,,,,,,,,,,,,,,,,"+1 (106) 128-3883",,,,,,,,,,,,,,,,,"AG32487","0/0/00",,,"0/0/00",,,,,"/o=ExchangeLabs/ou=Exchange Administrative Group (FYDIBOHF23SPDLT)/cn=Recipients/cn=425be4b95bda4ff59814db31ed75e5a5-AG32487","EX","Meredith Diamond (Meredith.Diamond@carelon.com)",,,,,,,"Unspecified",,,,"M.D.",,"","","",,,"
","TAMPA, FL - USA",,,"Normal","False",,,"Normal"
"","Cindeline","","Fleurima","","The Elevance Health Companies, Inc.","CarelonRx SAM GB Medicare","Pharmacy Account Dir (US)","11430 NW 20TH ST",,,"MIAMI","FL","33172","United States",,,,,,,,,,,,,,,,,,,,,,,,,,"+1 (786) 378-4892",,,,,,,,"AF33772","0/0/00",,,"0/0/00",,,,,"/o=ExchangeLabs/ou=Exchange Administrative Group (FYDIBOHF23SPDLT)/cn=Recipients/cn=8321f2d952694594a0289b8cf922087e-AF33772","EX","Cindeline Fleurima (Cindeline.Fleurima@carelon.com)",,,,,,,"Unspecified",,,,"C.F.",,"","","",,,"
","MIAMI, FL - USA",,,"Normal","False",,,"Normal"
"","Stephanie S.","","Taylor","","The Elevance Health Companies, Inc.","CarelonRx Clinical Pharmacy STARS","Dir Clinical Pharm Strategies (US)","5800 NORTHAMPTON BLVD",,,"NORFOLK","VA","23502","United States",,,,,,,,,,,,,,,,,"+1 (757) 297-8692",,,,,,,,,"+1 (757) 297-8692",,,,,,,,"AC89156","0/0/00",,,"0/0/00",,,,,"/o=ExchangeLabs/ou=Exchange Administrative Group (FYDIBOHF23SPDLT)/cn=Recipients/cn=4529a1d8a18c484fb9e0dc53b3a6b4ff-AC89156","EX","Stephanie S. Taylor (StephanieS.Taylor@carelon.com)",,,,,,,"Unspecified",,,,"S.S.T.",,"","","",,,"
","NORFOLK, VA - USA",,,"Normal","False",,,"Normal"
"","Camille J.","","Glaug","","The Elevance Health Companies, Inc.","CarelonRx Clinical and Specialty Pharmacy","Project Leader (US)","4361 IRWIN SIMPSON RD",,,"MASON","OH","45040","United States",,,,,,,,,,,,,,,,,"+1 (513) 336-3066",,,,,,,,,,,,,,,,,"AC09291","0/0/00",,,"0/0/00",,,,,"/o=ExchangeLabs/ou=Exchange Administrative Group (FYDIBOHF23SPDLT)/cn=Recipients/cn=0e6756d5a10a4b1e8ea088adc0fdbd12-AC09291","EX","Camille J. Glaug (Camille.Glaug@carelon.com)",,,,,,,"Unspecified",,,,"C.J.G.",,"","","",,,"
","MASON, OH - USA",,,"Normal","False",,,"Normal"
"","Jennifer","","Hebert","","The Elevance Health Companies, Inc.","CarelonRx Clinical Pharmacy Services","Strategy & Prog Dev Dir (US)","111 WOOD AVE S",,,"ISELIN","NJ","08830","United States",,,,,,,,,,,,,,,,,,,,,,,,,,"+1 (640) 999-0511",,,,,,,,"AF54732","0/0/00",,,"0/0/00",,,,,"/o=ExchangeLabs/ou=Exchange Administrative Group (FYDIBOHF23SPDLT)/cn=Recipients/cn=89e6881189df432b80bd11c9d2889bf7-AF54732","EX","Jennifer Hebert (jennifer.hebert@carelon.com)",,,,,,,"Unspecified",,,,"J.H.",,"","","",,,"
","ISELIN, NJ - USA",,,"Normal","False",,,"Normal"
"","Alex","","Juggassar","","The Elevance Health Companies, Inc.","CarelonRx SAM GB Medicare","Pharmacy Account Dir (US)","740 W PEACHTREE ST NW",,,"ATLANTA","GA","30308","United States",,,,,,,,,,,,,,,,,"+1 (866) 787-6341",,,,,,,,,"+1 (404) 654-2492",,,,,,,,"AG00569","0/0/00",,,"0/0/00",,,,,"/o=ExchangeLabs/ou=Exchange Administrative Group (FYDIBOHF23SPDLT)/cn=Recipients/cn=58f80b822cab4e84b75e90eeeac34a72-AG00569","EX","Alex Juggassar (Alex.Juggassar@carelon.com)",,,,,,,"Unspecified",,,,"A.J.",,"","","",,,"
","ATLANTA, GA - USA",,,"Normal","False",,,"Normal"
"","Kamal","","Patel","","The Elevance Health Companies, Inc.","CarelonRx Clinical Pharmacy STARS","Dir Clinical Pharm Strategies (US)","8600 W BRYN MAWR AVE",,,"CHICAGO","IL","60631","United States",,,,,,,,,,,,,,,,,,,,,,,,,,,,,,,,,,"AH25635","0/0/00",,,"0/0/00",,,,,"/o=ExchangeLabs/ou=Exchange Administrative Group (FYDIBOHF23SPDLT)/cn=Recipients/cn=5970020c49aa4f1d8a5855c6a5250e07-AH25635","EX","Kamal Patel (Kamal.Patel@carelon.com)",,,,,,,"Unspecified",,,,"K.P.",,"","","",,,"
","CHICAGO, IL - USA",,,"Normal","False",,,"Normal"
"","Amanda","","Manzella","","The Elevance Health Companies, Inc.","CarelonRx Clinical Pharmacy Services","Staff VP Clinical Pharm Svcs (US)","1985 MARCUS AVE",,,"LAKE SUCCESS","NY","11042","United States",,,,,,,,,,,,,,,,,"+1 (516) 760-8290",,,,,,,,,"+1 (516) 760-8290",,,,,,,,"AF51487","0/0/00",,,"0/0/00",,,,,"/o=ExchangeLabs/ou=Exchange Administrative Group (FYDIBOHF23SPDLT)/cn=Recipients/cn=46d70934fc10486d82f89beb566d049f-AF51487","EX","Amanda Manzella (Amanda.Manzella@carelon.com)",,,,,,,"Unspecified",,,,"A.M.",,"","","",,,"
","LAKE SUCCESS, NY - USA",,,"Normal","False",,,"Normal"
"","Catherine","","Kammer","","The Elevance Health Companies, Inc.","CarelonRx Clinical Pharmacy Services","Executive Admin Asst I (US)","4361 IRWIN SIMPSON RD",,,"MASON","OH","45040","United States",,,,,,,,,,,,,,,,,"+1 (513) 833-0098",,,,,,,,,"+1 (513) 833-0098",,,,,,,,"AD02957","0/0/00",,,"0/0/00",,,,,"/o=ExchangeLabs/ou=Exchange Administrative Group (FYDIBOHF23SPDLT)/cn=Recipients/cn=a49e4790342f453089648d1a29388397-AD02957","EX","Catherine Kammer (Catherine.Kammer@carelon.com)",,,,,,,"Unspecified",,,,"C.K.",,"","","",,,"
","MASON, OH - USA",,,"Normal","False",,,"Normal"
